pmid,title,cleaned_abstract,cleaned_text,year,has_full_text
38853102,Multi-target drugs for Alzheimer's disease.,"Alzheimers disease (AD), a leading cause of dementia, increasingly challenges our healthcare systems and society. Traditional therapies aimed at single targets have fallen short owing to the complex, multifactorial nature of AD that necessitates simultaneous targeting of various disease mechanisms for clinical success. Therefore, targeting multiple pathologies at the same time could provide a synergistic therapeutic effect. The identification of new disease targets beyond the classical hallmarks of AD offers a fertile ground for the design of new multi-target drugs (MTDs), and building on existing compounds have the potential to yield in successful disease modifying therapies. This review discusses the evolving landscape of MTDs, focusing on their potential as AD therapeutics. Analysis of past and current trials of compounds with multi-target activity underscores the capacity of MTDs to offer synergistic therapeutic effects, and the flourishing genetic understanding of AD will inform and inspire the development of MTD-based AD therapies.","Alzheimers disease (AD), a leading cause of dementia, increasingly challenges our healthcare systems and society. Traditional therapies aimed at single targets have fallen short owing to the complex, multifactorial nature of AD that necessitates simultaneous targeting of various disease mechanisms for clinical success. Therefore, targeting multiple pathologies at the same time could provide a synergistic therapeutic effect. The identification of new disease targets beyond the classical hallmarks of AD offers a fertile ground for the design of new multi-target drugs (MTDs), and building on existing compounds have the potential to yield in successful disease modifying therapies. This review discusses the evolving landscape of MTDs, focusing on their potential as AD therapeutics. Analysis of past and current trials of compounds with multi-target activity underscores the capacity of MTDs to offer synergistic therapeutic effects, and the flourishing genetic understanding of AD will inform and inspire the development of MTD-based AD therapies.",2024,False
38565393,NLRP3 inflammasome signalling in Alzheimer's disease.,"Every year, 10 million people develop dementia, the most common of which is Alzheimers disease (AD). To date, there is no way to prevent cognitive decline and therapies are limited. This review provides a neuroimmunological perspective on the progression of AD, and discusses the immune-targeted therapies that are in preclinical and clinical trials that may impact the development of this disease. Specifically, we look to the role of the NLRP3 inflammasome, its triggers in the brain and how its activation can contribute to the progression of dementia. We summarise the range of inhibitors targeting the NLRP3 inflammasome and its downstream pathways that are under investigation, and discuss future therapeutic perspectives for this devastating condition.","Every year, 10 million people develop dementia, the most common of which is Alzheimers disease (AD). To date, there is no way to prevent cognitive decline and therapies are limited. This review provides a neuroimmunological perspective on the progression of AD, and discusses the immune-targeted therapies that are in preclinical and clinical trials that may impact the development of this disease. Specifically, we look to the role of the NLRP3 inflammasome, its triggers in the brain and how its activation can contribute to the progression of dementia. We summarise the range of inhibitors targeting the NLRP3 inflammasome and its downstream pathways that are under investigation, and discuss future therapeutic perspectives for this devastating condition.",2024,False
35300725,Immunotherapy for Alzheimer's disease: targeting β-amyloid and beyond.,"Alzheimers disease (AD) is the most common neurodegenerative disease in the elderly worldwide. However, the complexity of AD pathogenesis leads to discrepancies in the understanding of this disease, and may be the main reason for the failure of AD drug development. Fortunately, many ongoing preclinical and clinical studies will continually open up avenues to unravel disease mechanisms and guide strategies for AD diagnosis and drug development. For example, immunotherapeutic strategies targeting amyloid-β (Aβ) and tau proteins were once deemed almost certainly effective in clinical treatment due to the excellent preclinical results. However, the repeated failures of clinical trials on vaccines and humanized anti-Aβ and anti-tau monoclonal antibodies have resulted in doubts on this strategy. Recently, a new anti-Aβ monoclonal antibody (Aducanumab) has been approved by the US Food and Drug Administration, which brings us back to the realization that immunotherapy strategies targeting Aβ may be still promising. Meanwhile, immunotherapies based on other targets such as tau, microglia and gut-brain axis are also under development. Further research is still needed to clarify the forms and epitopes of targeted proteins to improve the accuracy and effectiveness of immunotherapeutic drugs. In this review, we focus on the immunotherapies based on Aβ, tau and microglia and their mechanisms of action in AD. In addition, we present up-to-date advances and future perspectives on immunotherapeutic strategies for AD.","Alzheimers disease (AD) is the most common neurodegenerative disease in the elderly worldwide. However, the complexity of AD pathogenesis leads to discrepancies in the understanding of this disease, and may be the main reason for the failure of AD drug development. Fortunately, many ongoing preclinical and clinical studies will continually open up avenues to unravel disease mechanisms and guide strategies for AD diagnosis and drug development. For example, immunotherapeutic strategies targeting amyloid-β (Aβ) and tau proteins were once deemed almost certainly effective in clinical treatment due to the excellent preclinical results. However, the repeated failures of clinical trials on vaccines and humanized anti-Aβ and anti-tau monoclonal antibodies have resulted in doubts on this strategy. Recently, a new anti-Aβ monoclonal antibody (Aducanumab) has been approved by the US Food and Drug Administration, which brings us back to the realization that immunotherapy strategies targeting Aβ may be still promising. Meanwhile, immunotherapies based on other targets such as tau, microglia and gut-brain axis are also under development. Further research is still needed to clarify the forms and epitopes of targeted proteins to improve the accuracy and effectiveness of immunotherapeutic drugs. In this review, we focus on the immunotherapies based on Aβ, tau and microglia and their mechanisms of action in AD. In addition, we present up-to-date advances and future perspectives on immunotherapeutic strategies for AD. Alzheimers disease (AD), the most prevalent cause of dementia in the elderly, is pathologically characterized by extracellular amyloid-β (Aβ) plaques, hyperphosphorylated tau in neurofibrillary tangles and neuroinflammation Current commonly used drugs for AD, mainly cholinesterase inhibitors and N-methyl- Both active and passive immunization strategies have advantages. Active immunotherapy (vaccines) depends on the cellular and humoral immune responses, resulting in long-term generation of endogenous antibodies. Compared with passive immunotherapy, active immunotherapy produces high-concentration antibodies in the human body, with few injection times and less medical cost. On the other hand, passive immunotherapy (antibodies) is regarded more suitable and effective for elderly patients whose responsiveness to vaccines is reduced. Furthermore, upon occurrence of adverse reactions, the effects of humanized monoclonal antibodies can be stopped more conveniently than vaccines due to the targeting of specific protein conformations. However, passive immunization requires repeated dosing and more expenditure. In addition, both approaches may induce over-activation of the innate and adaptive immune systems, resulting in side effects such as cerebral vasculitis Although the FDA approval of aducanumab has drawn controversy, it cannot be denied that this human monoclonal Aβ antibody raises the possibility that AD neurodegeneration may be slowed down or prevented by Aβ clearance. Also, it will greatly promote research and development of other AD immunotherapies. Research efforts are being made to overcome challenges in immunotherapy for AD, including target selection, adverse reactions, drug delivery and early diagnosis of AD, in the aim of developing more refined vaccines and antibodies. Resolution of these challenges would pave the way for generation of new immunotherapeutic drugs for AD.",2022,True
37452321,Tau and neuroinflammation in Alzheimer's disease: interplay mechanisms and clinical translation.,"Alzheimers Disease (AD) contributes to most cases of dementia. Its prominent neuropathological features are the extracellular neuritic plaques and intercellular neurofibrillary tangles composed of aggregated β-amyloid (Aβ) and hyperphosphorylated tau protein, respectively. In the past few decades, disease-modifying therapy targeting Aβ has been the focus of AD drug development. Even though it is encouraging that two of these drugs have recently received accelerated US Food and Drug Administration approval for AD treatment, their efficacy or long-term safety is controversial. Tau has received increasing attention as a potential therapeutic target, since evidence indicates that tau pathology is more associated with cognitive dysfunction. Moreover, inflammation, especially neuroinflammation, accompanies AD pathological processes and is also linked to cognitive deficits. Accumulating evidence indicates that inflammation has a complex and tight interplay with tau pathology. Here, we review recent evidence on the interaction between tau pathology, focusing on tau post-translational modification and dissemination, and neuroinflammatory responses, including glial cell activation and inflammatory signaling pathways. Then, we summarize the latest clinical trials targeting tau and neuroinflammation. Sustained and increased inflammatory responses in glial cells and neurons are pivotal cellular drivers and regulators of the exacerbation of tau pathology, which further contributes to its worsening by aggravating inflammatory responses. Unraveling the precise mechanisms underlying the relationship between tau pathology and neuroinflammation will provide new insights into the discovery and clinical translation of therapeutic targets for AD and other tau-related diseases (tauopathies). Targeting multiple pathologies and precision therapy strategies will be the crucial direction for developing drugs for AD and other tauopathies.","Alzheimers Disease (AD) contributes to most cases of dementia. Its prominent neuropathological features are the extracellular neuritic plaques and intercellular neurofibrillary tangles composed of aggregated β-amyloid (Aβ) and hyperphosphorylated tau protein, respectively. In the past few decades, disease-modifying therapy targeting Aβ has been the focus of AD drug development. Even though it is encouraging that two of these drugs have recently received accelerated US Food and Drug Administration approval for AD treatment, their efficacy or long-term safety is controversial. Tau has received increasing attention as a potential therapeutic target, since evidence indicates that tau pathology is more associated with cognitive dysfunction. Moreover, inflammation, especially neuroinflammation, accompanies AD pathological processes and is also linked to cognitive deficits. Accumulating evidence indicates that inflammation has a complex and tight interplay with tau pathology. Here, we review recent evidence on the interaction between tau pathology, focusing on tau post-translational modification and dissemination, and neuroinflammatory responses, including glial cell activation and inflammatory signaling pathways. Then, we summarize the latest clinical trials targeting tau and neuroinflammation. Sustained and increased inflammatory responses in glial cells and neurons are pivotal cellular drivers and regulators of the exacerbation of tau pathology, which further contributes to its worsening by aggravating inflammatory responses. Unraveling the precise mechanisms underlying the relationship between tau pathology and neuroinflammation will provide new insights into the discovery and clinical translation of therapeutic targets for AD and other tau-related diseases (tauopathies). Targeting multiple pathologies and precision therapy strategies will be the crucial direction for developing drugs for AD and other tauopathies. Dementia is currently one of the leading causes of disability and dependency among the elderly As an age-related neurodegenerative disease, AD is divided into two subtypes according to the age of onset: early-onset AD (EOAD, 65 years) and late-onset AD (LOAD, 65 years). Most AD cases are LOAD, a complex disease with heterogeneous etiologies including genetics, aging, environment, lifestyle, and chronic diseases, such as obesity Although the symptoms of AD are well-studied, no treatments can halt and reverse the progression of AD. Our understanding of AD pathogenesis is still limited. At present, the pathogenic hypotheses of AD mainly include the amyloid cascade hypothesis, tau hypothesis, inflammatory hypothesis, cholinergic hypothesis, etc. The amyloid cascade hypothesis is the most widely accepted one. However, nearly, all anti-Aβ drugs have failed to show satisfactory therapeutic efficacy in the past two decades. It is encouraging that in 2021, aducanumab, a humanized recombinant monoclonal antibody targeting Aβ, became the first disease-modifying therapy (DMT) drug for AD approved by an accelerated pathway of the US Food and Drug Administration (FDA). This approval based on reduced amyloid markers and its clinical efficacy remains controversial Over the past few decades, accumulated efforts in basic and clinical research in the AD field have improved our understanding of the multifactorial nature of AD pathogenesis. It is particularly encouraging that two DMT drugs targeting Aβ have recently received accelerated FDA approval for AD treatment. However, the efficacy of these drugs is controversial and needs further validation. The most likely reason for the failure of drugs targeting Aβ may be that Aβ pathology in AD does not always correlate with cognitive decline. Tau has received increasing attention as a potential alternative therapeutic target, since evidence indicates that tau pathology is more associated with cognitive degradation. To date, there are no tau-focused drugs approved by FDA. Still, several agents targeting tau post-translational modification and dissemination have recently entered clinical trials for treating AD and other tauopathies. Accumulating evidence indicates that neuroinflammation may be the third pathological feature of AD and plays an integral role in AD pathogenesis and the promotion of cognitive impairment. In recent years, growing findings of fundamental research have demonstrated the complex interplay between neuroinflammation and tau pathology, as summarized above. These findings suggest that in the early stage of AD, a moderate inflammatory response may alleviate tau pathology, such as activated microglia promoting the clearance of tau seeds. While in the middle and late stages of AD, sustained and increased inflammatory responses in glial cells and neurons are pivotal cellular drivers and regulators of the exacerbation of tau pathology, further contributing to its worsening by promoting inflammatory responses. This vicious circle aggravates the pathological progression of AD. There are temporal and spatial dynamic regulatory processes between tau pathology and inflammation as the disease progresses. Further elucidation of these dynamic regulatory mechanisms will provide essential insights into AD pathogenesis and drug development. Furthermore, current studies indicate that targeting only a single therapeutic target may not be able to reverse the pathological process of AD. As mentioned above, multi-target therapies (including multi-target single drugs such as the p38α inhibitors and single or multiple target multi-drug combination such as the combination of dasatinib and quercetin) targeting tau pathology and neuroinflammation, or simultaneously targeting Aβ pathology, which is currently undergoing clinical trials, may offer hope of reversing the course of AD and even curing it. These therapeutic strategies have shown good safety and tolerability, and clinical trials of their therapeutic effects are underway. In summary, both basic research and clinical trials suggest that targeting multiple pathologies and precise treatment strategies will be the trend of future drug development for AD and other tauopathies. They will be more likely to bring breakthroughs in the treatment of these diseases.",2023,True
32784025,Role of tau protein in Alzheimer's disease: The prime pathological player.,"Alzheimers disease (AD) is a prevalently found tauopathy characterized by memory loss and cognitive insufficiency. AD is an age-related neurodegenerative disease with two major hallmarks which includes extracellular amyloid plaques made of amyloid-β (Aβ) and intracellular neurofibrillary tangles of hyperphosphorylated tau. With population aging worldwide, there is an indispensable need for treatment strategies that can potentially manage this developing dementia. Despite broad researches on targeting Aβ in the past two decades, research findings on Aβ targeted therapeutics failed to prove efficacy in the treatment of AD. Tau protein with its extensive pathological role in several neurodegenerative diseases can be considered as a promising target candidate for developing therapeutic interventions. The abnormal hyperphosphorylation of tau plays detrimental pathological functions which ultimately lead to neurodegeneration. This review will divulge the importance of tau in AD pathogenesis, the interplay of Aβ and tau, the pathological functions of tau, and potential therapeutic strategies for an effective management of neuronal disorders.","Alzheimers disease (AD) is a prevalently found tauopathy characterized by memory loss and cognitive insufficiency. AD is an age-related neurodegenerative disease with two major hallmarks which includes extracellular amyloid plaques made of amyloid-β (Aβ) and intracellular neurofibrillary tangles of hyperphosphorylated tau. With population aging worldwide, there is an indispensable need for treatment strategies that can potentially manage this developing dementia. Despite broad researches on targeting Aβ in the past two decades, research findings on Aβ targeted therapeutics failed to prove efficacy in the treatment of AD. Tau protein with its extensive pathological role in several neurodegenerative diseases can be considered as a promising target candidate for developing therapeutic interventions. The abnormal hyperphosphorylation of tau plays detrimental pathological functions which ultimately lead to neurodegeneration. This review will divulge the importance of tau in AD pathogenesis, the interplay of Aβ and tau, the pathological functions of tau, and potential therapeutic strategies for an effective management of neuronal disorders.",2020,False
32006534,Glycogen synthase kinase-3 signaling in Alzheimer's disease.,"Alzheimers disease (AD) is the most common form of neurodegenerative disorder with dementia, accounting for approximately 70 of the all cases. Currently, 5.8 million people in the U.S. are living with AD and by 2050 this number is expected to double resulting in a significant socio-economic burden. Despite intensive research, the exact mechanisms that trigger AD are still not known and at the present there is no cure for it. In recent years, many signaling pathways associated with AD neuropathology have been explored as possible candidate targets for the treatment of this condition including glycogen synthase kinase-3β (GSK3-β). GSK3-β is considered a key player in AD pathophysiology since dysregulation of this kinase influences all the major hallmarks of the disease including: tau phosphorylation, amyloid-β production, memory, neurogenesis and synaptic function. The present review summarizes the current understanding of the GSK3-β neurobiology with particular emphasis on its effects on specific signaling pathways associated with AD pathophysiology. Moreover, it discusses the feasibility of targeting GSK3-β for AD treatment and provides a summary of the current research effort to develop GSK3-β inhibitors in preclinical and clinical studies.","Alzheimers disease (AD) is the most common form of neurodegenerative disorder with dementia, accounting for approximately 70 of the all cases. Currently, 5.8 million people in the U.S. are living with AD and by 2050 this number is expected to double resulting in a significant socio-economic burden. Despite intensive research, the exact mechanisms that trigger AD are still not known and at the present there is no cure for it. In recent years, many signaling pathways associated with AD neuropathology have been explored as possible candidate targets for the treatment of this condition including glycogen synthase kinase-3β (GSK3-β). GSK3-β is considered a key player in AD pathophysiology since dysregulation of this kinase influences all the major hallmarks of the disease including: tau phosphorylation, amyloid-β production, memory, neurogenesis and synaptic function. The present review summarizes the current understanding of the GSK3-β neurobiology with particular emphasis on its effects on specific signaling pathways associated with AD pathophysiology. Moreover, it discusses the feasibility of targeting GSK3-β for AD treatment and provides a summary of the current research effort to develop GSK3-β inhibitors in preclinical and clinical studies. Alzheimers disease (AD) is the most common form of age-related neurodegenerative disorder with dementia. Currently, the estimated number of people living with this disease in the United Sates is 5.8 million, a number projected to increase rapidly in the coming years due to the aging of the baby-boomer generation and the lack of a cure Clinically, AD is characterized by progressive loss of memory and cognitive functions. Early symptoms include difficulty recalling recent conversations, names or events. With the progression of the pathology, patients develop impaired communication skills, confusion, behavioral changes, poor judgment and often experience passiveness and depression Glycogen synthase kinase-3 (GSK3) is a ubiquitously expressed and constitutively active serine-threonine kinase involved in the regulation of many key cell biology pathways, some of which have been also implicated in neurodegeneration. There are two isoforms of GSK3, GSK3-α and GSK3-β encoded by two different genes Given the relevance of GSK3-β signaling to the pathophysiology of AD, the therapeutic potential of its inhibition has been widely investigated in preclinical and clinical studies. This review will focus on GSK3-β physiological function, current data regarding its aberrant activity in AD, and the evidence supporting the beneficial effect of GSK3-β modulation as therapeutic strategy for the treatment of AD. In the past years, GSK3-β has been recognized as an important key player in the AD pathogenesis. Since the initial discovery of GSK3-β overexpression and overactivity in the CNS of AD patients, the role of this kinase has been extensively investigated in connection to tau and Aβ pathophysiology. As one of the main tau kinases, GSK3-β promotes tau hyperphosphorylation and NFTs formation. Strong evidence has also pointed out that increased activity of GSK3-β can induce Aβ formation through transcriptional regulation of BACE1 gene expression and through its regulatory function on PS1. Given the existence of sex differences in AD incidence, some studies have attempted to address the question on whether GSK3β regulation is sexually dimorphic but all the current data available so far are not sufficient to conclude any significant gender-related effect on the activity of this kinase that could be relevant to the onset of development of AD pathology. In addition, recently GSK3-β has been implicated in the modulation of synaptic plasticity, memory, neurogenesis and inflammation making GSK3-β an excellent candidate as disease modifying agent for AD. However, current clinical research has failed so far to identify an effective and safe inhibitor of this kinase. GSK3-β inhibition comes with many challenges related to its ubiquitous expression and multiple regulatory cellular functions. Future possible strategies aiming at bypassing the potentially serious off target effects should be to specifically direct GSK3-β inhibition in the CNS and in the cells of interest. Therefore, given the promising preclinical studies, more research needs to be devoted to the development of selective and organ specific inhibitors that efficiently and safely regulate GSK3-β activity in the CNS as a viable therapeutic approach to prevent or halt AD.",2020,True
37700216,Alzheimer's Disease-Related Epigenetic Changes: Novel Therapeutic Targets.,"Aging is a significant risk factor for Alzheimers disease (AD), although the precise mechanism and molecular basis of AD are not yet fully understood. Epigenetic mechanisms, such as DNA methylation and hydroxymethylation, mitochondrial DNA methylation, histone modifications, and non-coding RNAs (ncRNAs), play a role in regulating gene expression related to neuron plasticity and integrity, which are closely associated with learning and memory development. This review describes the impact of dynamic and reversible epigenetic modifications and factors on memory and plasticity throughout life, emphasizing their potential as target for therapeutic intervention in AD. Additionally, we present insight from postmortem and animal studies on abnormal epigenetics regulation in AD, as well as current strategies aiming at targeting these factors in the context of AD therapy.","Aging is a significant risk factor for Alzheimers disease (AD), although the precise mechanism and molecular basis of AD are not yet fully understood. Epigenetic mechanisms, such as DNA methylation and hydroxymethylation, mitochondrial DNA methylation, histone modifications, and non-coding RNAs (ncRNAs), play a role in regulating gene expression related to neuron plasticity and integrity, which are closely associated with learning and memory development. This review describes the impact of dynamic and reversible epigenetic modifications and factors on memory and plasticity throughout life, emphasizing their potential as target for therapeutic intervention in AD. Additionally, we present insight from postmortem and animal studies on abnormal epigenetics regulation in AD, as well as current strategies aiming at targeting these factors in the context of AD therapy.",2024,False
35635955,Alzheimer's disease: Updated multi-targets therapeutics are in clinical and in progress.,"Alzheimers disease is a chronic and progressive brain neurodegenerative disease affecting over 30 million people globally. Currently, no effective treatment is available due to multiple factors involved in the progression of AD. Given that the numerous AD-related targets in the disease network, the multi-target-directed ligands (MTDLs) strategy are considered as the promising strategy to treat AD. Herein, the multi-target compounds withwithout ChEs are in clinical and in progress are reviewed. To further characterize the drug-likeness, and ADME properties are calculated using the Qikprop. This review will provide highlights for the treatment of AD.","Alzheimers disease is a chronic and progressive brain neurodegenerative disease affecting over 30 million people globally. Currently, no effective treatment is available due to multiple factors involved in the progression of AD. Given that the numerous AD-related targets in the disease network, the multi-target-directed ligands (MTDLs) strategy are considered as the promising strategy to treat AD. Herein, the multi-target compounds withwithout ChEs are in clinical and in progress are reviewed. To further characterize the drug-likeness, and ADME properties are calculated using the Qikprop. This review will provide highlights for the treatment of AD.",2022,False
34181171,Recent advances on drug development and emerging therapeutic agents for Alzheimer's disease.,"Alzheimers disease (AD) is a neurodegenerative old age disease that is complex, multifactorial, unalterable, and progressive in nature. The currently approved therapy includes cholinesterase inhibitors, NMDA-receptor antagonists and their combination therapy provides only temporary symptomatic relief. Sincere efforts have been made by the researchers globally to identify new targets, discover, and develop novel therapeutic agents for the treatment of AD. This brief review article is intended to cover the recent advances in drug development and emerging therapeutic agents for AD acting at different targets. The article is compiled using various scientific online databases and by referring to clinicaltrials.gov and ALZFORUM (alzforum.org) websites. The upcoming therapies act on one or more targets including amyloids (secretases, Aβ","Alzheimers disease (AD) is a neurodegenerative old age disease that is complex, multifactorial, unalterable, and progressive in nature. The currently approved therapy includes cholinesterase inhibitors, NMDA-receptor antagonists and their combination therapy provides only temporary symptomatic relief. Sincere efforts have been made by the researchers globally to identify new targets, discover, and develop novel therapeutic agents for the treatment of AD. This brief review article is intended to cover the recent advances in drug development and emerging therapeutic agents for AD acting at different targets. The article is compiled using various scientific online databases and by referring to clinicaltrials.gov and ALZFORUM (alzforum.org) websites. The upcoming therapies act on one or more targets including amyloids (secretases, Aβ Alzheimers disease (AD) is a neurodegenerative disease. It severely affects cognitive abilities of a person causing loss of memory and conscience. It is complex, unalterable, and progressive in nature. AD is the prevalent cause of dementia in late adult life and is linked with high morbidity and mortality rate in the elderly Illustration showing the comparison between the brain of a healthy and an affected one AD can be classified typically into two types: sporadic and familial. Sporadic AD affects people above 65 years and is often referred to as late-onset AD (LOAD). Familial forms of AD are influenced by genetic factors and inheritance, the affected group lies between 3065 years of age and is referred to as early-onset AD (EOAD) The symptomatic treatment with cholinesterase inhibitors, NMDA-receptor antagonists, and combination therapy are currently approved strategies for AD. However, there are other mechanisms also that contribute to the pathogenesis of AD such as neuroinflammation, oxidative stress, hypoglycemia and vascular dysfunction, metal dyshomeostasis, protein misfolding, clearance of abnormal proteins, etc., and thus are the potential targets for the treatment of AD AD is a complex neurodegenerative disease affecting millions of people worldwide. Numerous biochemical and pharmacological studies conducted in the past couple of decades have tried to unwind the complexities of this progressive disease. We now have a better understanding of the pathogenesis of AD at the molecular level that has enabled the researchers to discover and develop novel therapeutic agents to treat this devastating disease. A number of therapeutics based on the identified targets were developed from 2010 to 2020 for the treatment of AD and several of these molecules are currently under investigation in clinical studies. Data indicated that over the last decade, the majority of the agents that reached in the phase 2 failed to show a drug-placebo difference and therefore could not make it to phase 3. On the other hand, more than 50 molecules successfully progressed from phase 2 to phase 3 but unfortunately, only one agent could pass the phase 3 clinical trial since 2003. Most of the studies were discontinuedterminated as these agents were found to be toxic and ineffective and thus failed to meet the primary and secondary endpoints of the studies. In the ongoing clinical trials, anti-amyloid immunotherapy, Aβ aggregation inhibitors, BACE inhibitors, SALA (Selective Aβ In our opinion, newer therapeutic strategies to design, discover and develop anti-AD agents should focus on (i) repositioning and repurposing of existing drugs for AD; (ii) multitarget directed ligands capable of acting on multiple key molecular targets involved in the pathogenesis of AD (iii) minimizing the toxicity of drugs failed in phase 3 (iv) improving the pharmacokinetic profile of the promising candidates by structural modification, (v) exploring the natural products to identify the lead molecule for AD, (vi) stem cell therapy, and (vii) identification of novel molecular targets including development of immunotherapy.",2021,True
32867590,Novel Targets for Alzheimer's Disease: A View Beyond Amyloid.,"Genetic studies of autosomal dominant Alzheimers disease (AD) revealed that β-amyloid is central to disease pathogenesis. However, amyloid-targeted therapies have generally failed to slow progression in patients with symptomatic disease. This result suggests a transition from an early amyloid-dependent phase to a later amyloid-independent one, during which neurodegeneration occurs and symptoms arise. Microglia, the brains resident myeloid cells, envelop amyloid and express the majority of genes linked to risk for sporadic late-onset AD. Their activation is associated spatially and temporally with the accumulation of pathological tau. Microglial facilitation of tau pathology may involve apolipoprotein E, the most important genetic risk factor for AD. Once formed, pathological tau spreads between connected neurons, eventually accumulating in the somatic compartment where catastrophic nuclear damage ensues. This emerging understanding of the postamyloid processes leading to neurodegeneration affords the opportunity to develop therapeutics that interrupt this pathological cascade and prevent or delay dementia, even after amyloid deposition.","Genetic studies of autosomal dominant Alzheimers disease (AD) revealed that β-amyloid is central to disease pathogenesis. However, amyloid-targeted therapies have generally failed to slow progression in patients with symptomatic disease. This result suggests a transition from an early amyloid-dependent phase to a later amyloid-independent one, during which neurodegeneration occurs and symptoms arise. Microglia, the brains resident myeloid cells, envelop amyloid and express the majority of genes linked to risk for sporadic late-onset AD. Their activation is associated spatially and temporally with the accumulation of pathological tau. Microglial facilitation of tau pathology may involve apolipoprotein E, the most important genetic risk factor for AD. Once formed, pathological tau spreads between connected neurons, eventually accumulating in the somatic compartment where catastrophic nuclear damage ensues. This emerging understanding of the postamyloid processes leading to neurodegeneration affords the opportunity to develop therapeutics that interrupt this pathological cascade and prevent or delay dementia, even after amyloid deposition.",2021,False
33371834,Potential Epigenetic Targets for Combating Alzheimer's Disease.,"Memory remains an obligatory regime of the human brain, and impaired memory causes serious obstacles in our everyday life. Alzheimers disease (AD) is one such neurodegenerative disease which mostly affects the elderly population, above the age of 60; marked by cognitive impairment of memory. Besides the known targets of AD against the several etiologies known to date, the zone of epigenetics has recently evolved as an ingenious field in AD. Epigenetic modifications do not affect DNA sequence but only long-term gene expression. Considering the complex multifactorial nature of AD, we herein discuss the various epigenetic targets which might give rise to potential therapeutic approaches. We reviewed the possible epigenetic targets for AD-like HDAC, Sirtuins, glial cells, miRNA and epigenetic modifications like DNA methylation. A deeper insight into these target areas can surely evolve AD diagnosis and therapeutics.","Memory remains an obligatory regime of the human brain, and impaired memory causes serious obstacles in our everyday life. Alzheimers disease (AD) is one such neurodegenerative disease which mostly affects the elderly population, above the age of 60; marked by cognitive impairment of memory. Besides the known targets of AD against the several etiologies known to date, the zone of epigenetics has recently evolved as an ingenious field in AD. Epigenetic modifications do not affect DNA sequence but only long-term gene expression. Considering the complex multifactorial nature of AD, we herein discuss the various epigenetic targets which might give rise to potential therapeutic approaches. We reviewed the possible epigenetic targets for AD-like HDAC, Sirtuins, glial cells, miRNA and epigenetic modifications like DNA methylation. A deeper insight into these target areas can surely evolve AD diagnosis and therapeutics.",2021,False
39062547,Targeting Microglia in Alzheimer's Disease: Pathogenesis and Potential Therapeutic Strategies.,"Microglia, as resident macrophages in the central nervous system, play a multifunctional role in the pathogenesis of Alzheimers disease (AD). Their clustering around amyloid-β (Aβ) deposits is a core pathological feature of AD. Recent advances in single-cell RNA sequencing (scRNA-seq) and single-nucleus RNA sequencing (snRNA-seq) have revealed dynamic changes in microglial phenotypes over time and across different brain regions during aging and AD progression. As AD advances, microglia primarily exhibit impaired phagocytosis of Aβ and tau, along with the release of pro-inflammatory cytokines that damage synapses and neurons. Targeting microglia has emerged as a potential therapeutic approach for AD. Treatment strategies involving microglia can be broadly categorized into two aspects: (1) enhancing microglial function: This involves augmenting their phagocytic ability against Aβ and cellular debris and (2) mitigating neuroinflammation: Strategies include inhibiting TNF-α signaling to reduce the neuroinflammatory response triggered by microglia. Clinical trials exploring microglia-related approaches for AD treatment have garnered attention. Additionally, natural products show promise in enhancing beneficial effects and suppressing inflammatory responses. Clarifying microglial dynamics, understanding their roles, and exploring novel therapeutic approaches will advance our fight against AD.","Microglia, as resident macrophages in the central nervous system, play a multifunctional role in the pathogenesis of Alzheimers disease (AD). Their clustering around amyloid-β (Aβ) deposits is a core pathological feature of AD. Recent advances in single-cell RNA sequencing (scRNA-seq) and single-nucleus RNA sequencing (snRNA-seq) have revealed dynamic changes in microglial phenotypes over time and across different brain regions during aging and AD progression. As AD advances, microglia primarily exhibit impaired phagocytosis of Aβ and tau, along with the release of pro-inflammatory cytokines that damage synapses and neurons. Targeting microglia has emerged as a potential therapeutic approach for AD. Treatment strategies involving microglia can be broadly categorized into two aspects: (1) enhancing microglial function: This involves augmenting their phagocytic ability against Aβ and cellular debris and (2) mitigating neuroinflammation: Strategies include inhibiting TNF-α signaling to reduce the neuroinflammatory response triggered by microglia. Clinical trials exploring microglia-related approaches for AD treatment have garnered attention. Additionally, natural products show promise in enhancing beneficial effects and suppressing inflammatory responses. Clarifying microglial dynamics, understanding their roles, and exploring novel therapeutic approaches will advance our fight against AD. Alzheimers disease (AD) is the predominant cause of dementia worldwide, and the number of patients with dementia is estimated to reach 75 million by 2030 In AD, microglia have a double-edged sword effect, displaying both neuroprotective and neurotoxic functions depending on the disease stage and contextual factors Extensive research highlights microglias significant role in Alzheimers disease (AD). Recent single-cell analyses reveal distinct microglial phenotypes, advancing our understanding of their functions in AD To address translatability concerns, we must differentiate microglial activity observed in animal models from that in AD patients Ongoing clinical trials investigating microglia-related drugs will yield new evidence for AD immunotherapy. Additionally, natural products with anti-inflammatory and neuroprotective effects present potential targets for AD drug therapy. Further research into the causal relationship between microglia-related neuroinflammation and AD pathogenesis remains an exciting avenue for innovative therapeutic approaches.",2024,True
34544351,"Phytotherapeutics against Alzheimer's Disease: Mechanism, Molecular Targets and Challenges for Drug Development.","Alzheimers disease is inflating worldwide and is combatted by only a few approved drugs. At best, these drugs treat symptomatic conditions by targeting cholinesterase and N-methyl- D-aspartate receptors. Most of the clinical trials in progress are focused on developing disease-modifying agents that aim at single targets. The one drug-one target approach is failing in the case of Alzheimers disease due to its labyrinth etiopathogenesis. Traditional medicinal systems like Ayurveda use a holistic approach encompassing the legion of medicinal plants exhibiting multimodal activity. Recent advances in high-throughput technologies have catapulted the research in the arena of Ayurveda, specifically in identifying plants with potent anti-Alzheimers disease properties and their phytochemical characterization. Nonetheless, clinical trials of very few herbal medicines are in progress. This review is a compendium of Indian plants and ayurvedic medicines against Alzheimers disease and their paraphernalia. A record of 230 plants that are found in India with anti-Alzheimers disease potential and about 500 phytochemicals from medicinal plants have been solicited with the hope of exploring the unexplored. Further, the molecular targets of phytochemicals isolated from commonly used medicinal plants, such as Acorus calamus, Bacopa monnieri, Convolvulus pluricaulis, Tinospora cordifolia and Withania somnifera, have been reviewed with respect to their multidimensional property, such as antioxidant, anti-inflammation, anti-aggregation, synaptic plasticity modulation, cognition, and memory-enhancing activity. In addition, the strengths and challenges in ayurvedic medicine that limit its use as mainstream therapy are discussed, and a framework for the development of herbal medicine has been proposed.","Alzheimers disease is inflating worldwide and is combatted by only a few approved drugs. At best, these drugs treat symptomatic conditions by targeting cholinesterase and N-methyl- D-aspartate receptors. Most of the clinical trials in progress are focused on developing disease-modifying agents that aim at single targets. The one drug-one target approach is failing in the case of Alzheimers disease due to its labyrinth etiopathogenesis. Traditional medicinal systems like Ayurveda use a holistic approach encompassing the legion of medicinal plants exhibiting multimodal activity. Recent advances in high-throughput technologies have catapulted the research in the arena of Ayurveda, specifically in identifying plants with potent anti-Alzheimers disease properties and their phytochemical characterization. Nonetheless, clinical trials of very few herbal medicines are in progress. This review is a compendium of Indian plants and ayurvedic medicines against Alzheimers disease and their paraphernalia. A record of 230 plants that are found in India with anti-Alzheimers disease potential and about 500 phytochemicals from medicinal plants have been solicited with the hope of exploring the unexplored. Further, the molecular targets of phytochemicals isolated from commonly used medicinal plants, such as Acorus calamus, Bacopa monnieri, Convolvulus pluricaulis, Tinospora cordifolia and Withania somnifera, have been reviewed with respect to their multidimensional property, such as antioxidant, anti-inflammation, anti-aggregation, synaptic plasticity modulation, cognition, and memory-enhancing activity. In addition, the strengths and challenges in ayurvedic medicine that limit its use as mainstream therapy are discussed, and a framework for the development of herbal medicine has been proposed.",2022,False
38590098,Potential Alzheimer's disease drug targets identified through microglial biology research.,"Microglia, the primary immune cells in the brain, play multifaceted roles in Alzheimers disease (AD). Microglia can potentially mitigate the pathological progression of AD by clearing amyloid beta (Aβ) deposits in the brain and through neurotrophic support. In contrast, disproportionate activation of microglial pro-inflammatory pathways, as well as excessive elimination of healthy synapses, can exacerbate neurodegeneration in AD. The challenge, therefore, lies in discerning the precise regulation of the contrasting microglial properties to harness their therapeutic potential in AD. This review examines the evidence relevant to the disease-modifying effects of microglial manipulators in AD preclinical models. The deleterious pro-inflammatory effects of microglia in AD can be ameliorated via direct suppression or indirectly through metabolic manipulation, epigenetic targeting, and modulation of the gut-brain axis. Furthermore, microglial clearance of Aβ deposits in AD can be enhanced via strategically targeting microglial membrane receptors, lysosomal functions, and metabolism. Given the intricate and diverse nature of microglial responses throughout the course of AD, therapeutic interventions directed at microglia warrant a tactical approach. This could entail employing therapeutic regimens, which concomitantly suppress pro-inflammatory microglial responses while selectively enhancing Aβ phagocytosis.","Microglia, the primary immune cells in the brain, play multifaceted roles in Alzheimers disease (AD). Microglia can potentially mitigate the pathological progression of AD by clearing amyloid beta (Aβ) deposits in the brain and through neurotrophic support. In contrast, disproportionate activation of microglial pro-inflammatory pathways, as well as excessive elimination of healthy synapses, can exacerbate neurodegeneration in AD. The challenge, therefore, lies in discerning the precise regulation of the contrasting microglial properties to harness their therapeutic potential in AD. This review examines the evidence relevant to the disease-modifying effects of microglial manipulators in AD preclinical models. The deleterious pro-inflammatory effects of microglia in AD can be ameliorated via direct suppression or indirectly through metabolic manipulation, epigenetic targeting, and modulation of the gut-brain axis. Furthermore, microglial clearance of Aβ deposits in AD can be enhanced via strategically targeting microglial membrane receptors, lysosomal functions, and metabolism. Given the intricate and diverse nature of microglial responses throughout the course of AD, therapeutic interventions directed at microglia warrant a tactical approach. This could entail employing therapeutic regimens, which concomitantly suppress pro-inflammatory microglial responses while selectively enhancing Aβ phagocytosis.",2024,False
33921556,Alternative Targets to Fight Alzheimer's Disease: Focus on Astrocytes.,"The available treatments for patients affected by Alzheimers disease (AD) are not curative. Numerous clinical trials have failed during the past decades. Therefore, scientists need to explore new avenues to tackle this disease. In the present review, we briefly summarize the pathological mechanisms of AD known so far, based on which different therapeutic tools have been designed. Then, we focus on a specific approach that is targeting astrocytes. Indeed, these non-neuronal brain cells respond to any insult, injury, or disease of the brain, including AD. The study of astrocytes is complicated by the fact that they exert a plethora of homeostatic functions, and their disease-induced changes could be context-, time-, and disease specific. However, this complex but fervent area of research has produced a large amount of data targeting different astrocytic functions using pharmacological approaches. Here, we review the most recent literature findings that have been published in the last five years to stimulate new hypotheses and ideas to work on, highlighting the peculiar ability of palmitoylethanolamide to modulate astrocytes according to their morpho-functional state, which ultimately suggests a possible potential disease-modifying therapeutic approach for AD.","The available treatments for patients affected by Alzheimers disease (AD) are not curative. Numerous clinical trials have failed during the past decades. Therefore, scientists need to explore new avenues to tackle this disease. In the present review, we briefly summarize the pathological mechanisms of AD known so far, based on which different therapeutic tools have been designed. Then, we focus on a specific approach that is targeting astrocytes. Indeed, these non-neuronal brain cells respond to any insult, injury, or disease of the brain, including AD. The study of astrocytes is complicated by the fact that they exert a plethora of homeostatic functions, and their disease-induced changes could be context-, time-, and disease specific. However, this complex but fervent area of research has produced a large amount of data targeting different astrocytic functions using pharmacological approaches. Here, we review the most recent literature findings that have been published in the last five years to stimulate new hypotheses and ideas to work on, highlighting the peculiar ability of palmitoylethanolamide to modulate astrocytes according to their morpho-functional state, which ultimately suggests a possible potential disease-modifying therapeutic approach for AD. Aducanumab, a monoclonal antibody directed against the aggregated form of the beta-amyloid peptide (Aβ), was the last unfruitful attempt to treat Alzheimers disease (AD). At the beginning of November 2020, experts of the Peripheral and Central Nervous System Drugs Advisory Committee of the Food and Drug Administration expressed some concerns about the real efficacy of aducanumab, thus hindering its marketing claiming AD is the most common form of dementia in the elderly, affecting about 47 million people worldwide At a molecular level, the presence of two peculiar hallmarks characterizes the AD brain: (I) senile plaques, formed by the deposition of Aβ peptides in the extracellular space, and (II) neurofibrillary tangles (NFTs), due to the hyperphosphorylation of microtubule-associated tau proteins. A growing body of evidence indicates, however, that senile plaques and NFTs alone are not responsible for the cognitive impairments observed in AD AD can be considered as a continuum that spans decades AD is a neurodegenerative disease that impacts memory and cognition. In addition to the progressive impairment in mental abilities, other debilitating noncognitive symptoms usually appear, including sleep disturbances, loss of appetite, and neuropsychiatric conditions, including depression andor apathy A final and confirmed diagnosis of AD can only be made through postmortem identification of histopathological hallmarks. Whenever a patient is suspected to have AD, heshe is already in a mild or moderate stage of the pathology, and substantial irreversible neuronal dysfunction and loss have already occurred. Nowadays, clinicians concur that intervening at the earliest stage of the disease could lead to a better outcome In this review, we discuss the most recent findings on both old and new mechanisms implicated in AD, with a particular reference to the role played by glial cells. The brain homeostatic functions exerted by glia could represent a novel perspective in AD management, offering new strategies to treat this disease. Despite the spasmodic basic and medical research and the existence of approved therapies, there is a huge unmet clinical need for effective therapies for AD, especially treatments that are intended to address the biological basis of the pathology to favorably modifying its long-term course. Currently approved drugs do not target the underlying pathology of AD since they only provide modest beneficial effects to a small subset of patients. Moreover, no treatments are available to counteract AD at its earliest stage, which could represent the best timepoint to start therapy. Indeed, Aβ deposition into amyloid plaques, followed by markers of neurodegeneration, tau pathology, and reduction of brain volume, initiates decades before the onset of observable clinical signs. Dysfunctions of astrocytes have been linked to the molecular alterations observed in AD, thus representing a promising target for disease management. However, morphofunctional changes occurring in astrocytes vary depending on the stage of the pathology. Therefore, molecules capable of correcting dysfunctions of astrocytes could represent a promising pharmacological strategy. Reviewing the literature findings, the only compound so far that seems to exert this effect is PEA. Our previous study indeed showed the ability of PEA to normalize the astrocyte alterations observed in an experimental model of AD, the 3xTg-AD mice, endowed with face, construct, and predictive validities, bringing them back to a homeostatic condition. That and other possibilities of new therapeutic approaches represent an important springboard for the development of therapies for a still incurable disease, such as AD.",2021,True
39272998,Therapeutic Targets in Innate Immunity to Tackle Alzheimer's Disease.,"There is an urgent need for effective disease-modifying therapeutic interventions for Alzheimers disease (AD)-the most prevalent cause of dementia with a profound socioeconomic burden. Most clinical trials targeting the classical hallmarks of this disease-β-amyloid plaques and neurofibrillary tangles-failed, showed discrete clinical effects, or were accompanied by concerning side effects. There has been an ongoing search for novel therapeutic targets. Neuroinflammation, now widely recognized as a hallmark of all neurodegenerative diseases, has been proven to be a major contributor to AD pathology. Here, we summarize the role of neuroinflammation in the pathogenesis and progression of AD and discuss potential targets such as microglia, TREM2, the complement system, inflammasomes, and cytosolic DNA sensors. We also present an overview of ongoing studies targeting specific innate immune system components, highlighting the progress in this field of drug research while bringing attention to the delicate nature of innate immune modulations in AD.","There is an urgent need for effective disease-modifying therapeutic interventions for Alzheimers disease (AD)-the most prevalent cause of dementia with a profound socioeconomic burden. Most clinical trials targeting the classical hallmarks of this disease-β-amyloid plaques and neurofibrillary tangles-failed, showed discrete clinical effects, or were accompanied by concerning side effects. There has been an ongoing search for novel therapeutic targets. Neuroinflammation, now widely recognized as a hallmark of all neurodegenerative diseases, has been proven to be a major contributor to AD pathology. Here, we summarize the role of neuroinflammation in the pathogenesis and progression of AD and discuss potential targets such as microglia, TREM2, the complement system, inflammasomes, and cytosolic DNA sensors. We also present an overview of ongoing studies targeting specific innate immune system components, highlighting the progress in this field of drug research while bringing attention to the delicate nature of innate immune modulations in AD. Due to advances in healthcare and increased longevity, societies of all industrialized and non-industrialized countries are seeing a significant increase in the prevalence of common neurodegenerative disorders such as Alzheimers disease (AD). These devastating disorders represent the biggest challenge and an immense economic burden for all health systems around the world. AD is the most common neurodegenerative disorder characterized by a progressive neuronal loss that leads to a decline in memory and other cognitive functions, i.e., dementia, culminating in the loss of independence in activities of daily living. To illustrate the potential magnitude of ADs impact, epidemiologists have estimated that the global prevalence of AD in people older than 65 years will rise to 150 million by 2050 Histologically, AD is defined by two core neuropathological hallmarks: the accumulation of extracellular amyloid β (Aβ) plaques and intracellular neurofibrillary tangles (NFTs) formed by misfolded and hyperphosphorylated tau (p-tau) protein Innate immune activation and subsequent neuroinflammation occur early in the cellular phase and are present throughout the AD continuum. These processes are considered to be essential in the initiation and progression of the disease In the following review, we summarized the role of microglia as the main actors in the innate immune responses of the brain and the pathogenesis of AD. We discuss several pathways related to innate activation in AD and potential targets such as microglia, TREM2, the complement system, inflammasomes, and cytosolic DNA sensors ( Neuroinflammation is not only a mere contributor but can also be a driving force behind AD pathophysiology and progression. Several studies testing antibodies, inhibitors, agonists, and diets targeting neuroinflammation have brought hope for improved therapy in AD (",2024,True
36430432,Alzheimer's Disease: Treatment Strategies and Their Limitations.,"Alzheimers disease (AD) is the most frequent case of neurodegenerative disease and is becoming a major public health problem all over the world. Many therapeutic strategies have been explored for several decades; however, there is still no curative treatment, and the priority remains prevention. In this review, we present an update on the clinical and physiological phase of the AD spectrum, modifiable and non-modifiable risk factors for AD treatment with a focus on prevention strategies, then research models used in AD, followed by a discussion of treatment limitations. The prevention methods can significantly slow AD evolution and are currently the best strategy possible before the advanced stages of the disease. Indeed, current drug treatments have only symptomatic effects, and disease-modifying treatments are not yet available. Drug delivery to the central nervous system remains a complex process and represents a challenge for developing therapeutic and preventive strategies. Studies are underway to test new techniques to facilitate the bioavailability of molecules to the brain. After a deep study of the literature, we find the use of soft nanoparticles, in particular nanoliposomes and exosomes, as an innovative approach for preventive and therapeutic strategies in reducing the risk of AD and solving problems of brain bioavailability. Studies show the promising role of nanoliposomes and exosomes as smart drug delivery systems able to penetrate the blood-brain barrier and target brain tissues. Finally, the different drug administration techniques for neurological disorders are discussed. One of the promising therapeutic methods is the intranasal administration strategy which should be used for preclinical and clinical studies of neurodegenerative diseases.","Alzheimers disease (AD) is the most frequent case of neurodegenerative disease and is becoming a major public health problem all over the world. Many therapeutic strategies have been explored for several decades; however, there is still no curative treatment, and the priority remains prevention. In this review, we present an update on the clinical and physiological phase of the AD spectrum, modifiable and non-modifiable risk factors for AD treatment with a focus on prevention strategies, then research models used in AD, followed by a discussion of treatment limitations. The prevention methods can significantly slow AD evolution and are currently the best strategy possible before the advanced stages of the disease. Indeed, current drug treatments have only symptomatic effects, and disease-modifying treatments are not yet available. Drug delivery to the central nervous system remains a complex process and represents a challenge for developing therapeutic and preventive strategies. Studies are underway to test new techniques to facilitate the bioavailability of molecules to the brain. After a deep study of the literature, we find the use of soft nanoparticles, in particular nanoliposomes and exosomes, as an innovative approach for preventive and therapeutic strategies in reducing the risk of AD and solving problems of brain bioavailability. Studies show the promising role of nanoliposomes and exosomes as smart drug delivery systems able to penetrate the blood-brain barrier and target brain tissues. Finally, the different drug administration techniques for neurological disorders are discussed. One of the promising therapeutic methods is the intranasal administration strategy which should be used for preclinical and clinical studies of neurodegenerative diseases. Neurodegenerative diseases (ND) represent a major current health challenge due to the aging and the lifestyle of the population, the number of people affected, the impact of these diseases on the life of the patients and their caretakers, and the financial impact that these entails AD, discovered in 1907, has multiple etiologies, but the exact causes of the disease have not yet been clearly established. In addition, no curative treatment has been developed, even more than a century later. There are two forms of AD: (1) the genetic form or the autosomal-dominant AD (ADAD), which occurs before the age of 65, representing less than 1 of cases; (2) the sporadic form. Sporadic Alzheimers Disease (SAD) usually occurs after age 65, and the risk of the diseases occurrence doubles every five years AD pathology results from both structural and functional damage in the central nervous system (CNS), including abnormal aggregation of proteins in the nervous system and neurodegenerative processes. Indeed, two types of lesions have been identified in AD, including amyloid plaques composed of beta-amyloid peptides (Aβ), which accumulate abnormally outside the nerve cells During the past decade, research efforts have focused on soluble Aβ oligomers (AβO), which appear to be a more toxic and disease-relevant form of Aβ Many therapeutic strategies have been explored for several decades in clinical trials, but the treatments currently available are primarily treatments of symptoms Various studies have shown the critical role of lipid nutrients in the brain and cognitive functions. The brain has significant levels of omega-3 polyunsaturated fatty acids (n-3 PUFA), incorporated into phospholipids, amphiphilic molecules that are components of neuronal membranes Another challenge in AD treatments is the efficient delivery and targeting of molecules of interest to the brain due to the protective barriers of the central nervous system The use of nanoparticles (NP), with sizes between 10 and 1000 nm, capable of encapsulating therapeutic molecules by targeting transport processes in the CNS, can improve the crossing of molecules through the BBB in neurological disorders and reach targeted brain regions Furthermore, nanotechnology can be used to improve the bioavailability of PUFA in the form of NL In this work, we review the clinical and physiopathology of SAD, including research models of AD, followed by a discussion of current treatments focusing on prevention strategies and the use of soft NP such as NL and exosome as innovative approaches for a preventive strategy in reducing the risk of AD. AD is a progressive cortical neurodegenerative disease leading to the insidious onset of multiple cognitive disorders and gradual evolution over time. Existing therapeutic strategies are aimed towards slowing the progression of AD but are not curative approaches. Strategies of prevention play an important role in the primary prevention of cognitive symptoms and are called for in this disease, where initial lesions form at an early preclinical stage and progress insidiously for years. Drug delivery to the CNS is a very complex process and challenging to ensure that the brain absorbs the full benefit of the drugs. In this review, new strategies to improve access to the therapeutic drug to the CNS have been analyzed and discussed, including liposomes and exosomes, shown to be effective drug delivery systems for the brain. Choosing the best pathway of medications and liposomes and exosomes to the brain is a very important topic in order to have the best efficiency as well as the better targeting zone in the brain. Among the different methods used in the literature, the IN method shows a better absorption efficiency because of the speed of the flow of drugs or NP to the brain. IN administration of liposomes is promising for the treatment of AD by virtue of its potential to facilitate molecule penetration across the BBB, better bioavailability, and efficacy by protecting the drug from peripheral degradation. Other applications that also need to be considered include the use of gene editing for AD treatment",2022,True
39755304,Identification of potential therapeutic targets for Alzheimer's disease from the proteomes of plasma and cerebrospinal fluid in a multicenter Mendelian randomization study.,"Certain peripheral proteins are believed to be involved in the development of Alzheimers disease (AD), but the roles of other new protein biomarkers are still unclear. Current treatments aim to manage symptoms, but they are not effective in stopping the progression of the disease. New drug targets are needed to prevent Alzheimers disease. We used Mendelian randomization (MR) to study drug targets for Alzheimers disease. We analyzed data from the European Alzheimers and Dementia Biobank consortium and replicated our findings in GWAS data from IGAP and FinnGen cohorts. We identified genetic instruments for plasma and cerebrospinal fluid (CSF) proteins and conducted sensitivity analyses using various methods. Additionally, a comparison and analysis of protein-protein interactions (PPI) were conducted to identify potential causal proteins. The implications of these findings were further explored through an examination of existing AD drugs and their respective targets. Through MR analysis, 10 protein AD pairs were identified as statistically significant at the Bonferroni level (P 6.35 10 Increased levels of plasma CTSH, SIRPA, TMEM106B, CSF BSP, CSF IL-34, and CSF ILT-2 have been found to be correlated with an elevated risk of AD, whereas elevated levels of plasma GRN, TREM2, SIGLEC9, and CSF SIGLEC7 are associated with a decreased risk of developing AD. Further investigation through clinical trials is needed.","Certain peripheral proteins are believed to be involved in the development of Alzheimers disease (AD), but the roles of other new protein biomarkers are still unclear. Current treatments aim to manage symptoms, but they are not effective in stopping the progression of the disease. New drug targets are needed to prevent Alzheimers disease. We used Mendelian randomization (MR) to study drug targets for Alzheimers disease. We analyzed data from the European Alzheimers and Dementia Biobank consortium and replicated our findings in GWAS data from IGAP and FinnGen cohorts. We identified genetic instruments for plasma and cerebrospinal fluid (CSF) proteins and conducted sensitivity analyses using various methods. Additionally, a comparison and analysis of protein-protein interactions (PPI) were conducted to identify potential causal proteins. The implications of these findings were further explored through an examination of existing AD drugs and their respective targets. Through MR analysis, 10 protein AD pairs were identified as statistically significant at the Bonferroni level (P 6.35 10 Increased levels of plasma CTSH, SIRPA, TMEM106B, CSF BSP, CSF IL-34, and CSF ILT-2 have been found to be correlated with an elevated risk of AD, whereas elevated levels of plasma GRN, TREM2, SIGLEC9, and CSF SIGLEC7 are associated with a decreased risk of developing AD. Further investigation through clinical trials is needed.",2025,False
34813026,Recent advances in molecular pathways and therapeutic implications targeting neuroinflammation for Alzheimer's disease.,"Alzheimers disease (AD) is a major contributor of dementia leading to the degeneration of neurons in the brain with major symptoms like loss of memory and learning. Many evidences suggest the involvement of neuroinflammation in the pathology of AD. Cytokines including TNF-α and IL-6 are also found increasing the BACE1 activity and expression of NFκB resulting in generation of Aβ in AD brain. Following the interaction of Aβ with microglia and astrocytes, other inflammatory molecules also get translocated to the site of inflammation by chemotaxis and exaggerate neuroinflammation. Various pathways like NFκB, p38 MAPK, AktmTOR, caspase, nitric oxide and COX trigger microglia to release inflammatory cytokines. PPARγ agonists like pioglitazone increases the phagocytosis of Aβ and reduces inflammatory cytokine IL-1β. Celecoxib and roficoxib like selective COX-2 inhibitors also ameliorate neuroinflammation. Non-selective COX inhibitor indomethacin is also potent inhibitor of inflammatory mediators released from microglia. Mitophagy process is considered quite helpful in reducing inflammation due to microglia as it promotes the phagocytosis of over activated microglial cells and other inflammatory cells. Mitophagy induction is also beneficial in the removal of damaged mitochondria and reduction of infiltration of inflammatory molecules at the site of accumulation of the damaged mitochondria. Targeting these pathways and eventually ameliorating the activation of microglia can mitigate neuroinflammation and come out as a better therapeutic option for the treatment of Alzheimers disease.","Alzheimers disease (AD) is a major contributor of dementia leading to the degeneration of neurons in the brain with major symptoms like loss of memory and learning. Many evidences suggest the involvement of neuroinflammation in the pathology of AD. Cytokines including TNF-α and IL-6 are also found increasing the BACE1 activity and expression of NFκB resulting in generation of Aβ in AD brain. Following the interaction of Aβ with microglia and astrocytes, other inflammatory molecules also get translocated to the site of inflammation by chemotaxis and exaggerate neuroinflammation. Various pathways like NFκB, p38 MAPK, AktmTOR, caspase, nitric oxide and COX trigger microglia to release inflammatory cytokines. PPARγ agonists like pioglitazone increases the phagocytosis of Aβ and reduces inflammatory cytokine IL-1β. Celecoxib and roficoxib like selective COX-2 inhibitors also ameliorate neuroinflammation. Non-selective COX inhibitor indomethacin is also potent inhibitor of inflammatory mediators released from microglia. Mitophagy process is considered quite helpful in reducing inflammation due to microglia as it promotes the phagocytosis of over activated microglial cells and other inflammatory cells. Mitophagy induction is also beneficial in the removal of damaged mitochondria and reduction of infiltration of inflammatory molecules at the site of accumulation of the damaged mitochondria. Targeting these pathways and eventually ameliorating the activation of microglia can mitigate neuroinflammation and come out as a better therapeutic option for the treatment of Alzheimers disease. Multiple factors are involved in the development of Alzheimers disease which makes it difficult to find the complete cure for the disease. Biomarkers related pathologies have also been observed (Sweeney et al. Out of the multiple factors responsible for the disease neuroinflammation has a vital role (Fig. Figure 1 depicts the multiple factors responsible for the progression of Alzheimers disease. Amyloid plaques and hyperphosphorylated tau are the major ones. Extracellular amyloid β deposition leads to the generation of senile plaques. Hyperphosphorylated tau leads to the disassembly of microtubules and damages the cytoskeleton and signal transduction processes in neuronal cells. Other factors like neuroinflammation, oxidative stress, cholinergic insufficiency, mitochondrial dysfunction and autophagy dysfunction also play major role in the disease progression Major inflammatory cells in the CNS are microglia and astrocytes. Microglia are macrophages which cover 10 of the total population of cells in the CNS. It is involved in the neuronal plasticity and neurogenesis and acts as first line of defense in any injury of the brain. Major Cytokines found in AD brains are Tumor necrosis factor-α (TNF-α) and Interleukin-6 (IL-6). The activity of β-site APP cleaving enzyme (BACE1) and nuclear factor κB (NFκB) is increased by these cytokines resulting in increased generation of Aβ (Calsolaro and Edison Mild activation of microglia is beneficial as it clears the cell debris, damaged neurons and promotes survival of cells in the brain. But if there is chronic inflammation of neurons the microglia and other inflammatory cells get hyperactivated which can be toxic to the neuronal cells (Domingues et al. AD is a rapidly progressing disorder contributing to neurodegeneration. Many hypotheses have been made regarding the pathophysiology of the disease including mainly tau hypothesis and amyloid β hypothesis. But due to the involvement of several factors in the pathogenesis of the disease complete cure is still on the urge of development. Many evidences support the involvement of brain inflammation in the development of the disease. The major cells involved in the neuroinflammation process in the brain are glial cells including microglia and astrocytes. Other cells involved in neuroinflammation are oligodendrocytes, pericytes and neurons. In AD brains these cells become hyperactive and potentiate the release of inflammatory mediators like cytokines, chemokines, interferons and interleukins which get accumulated around senile plaques in the brain and contribute to neuroinflammation. Various inflammatory molecules are involved in the progression of AD. Interleukins promotes the activation of T-lymphocytes mediated toxicity, increase the activity of macrophages and neutrophils. Inflammatory cytokines are released from glial cells and are of two types, pro-inflammatory and anti-inflammatory. Chemokines may powerfully direct microglial relocation and enlistment of astrocytes to the site of neuroinflammation, preferring the degree of local aggravation of inflammation. Other inflammatory molecules are neutrophils and interferons. Pathways like NFκB, MAPK, AktmTOR, p38, COX and nitric oxide pathways are involved in the release of inflammatory molecules from microglia by activating it or potentiating M1 state of microglia. AMPK pathway generally ameliorates the inflammatory response by inhibiting mTOR pathway. Anti-inflammatory molecules like minocycline are employed for reducing Aβ and tau pathologies by mitigating the release of pro-inflammatory cytokines from glial cells. Inhibition of iNOS and Cox-2 is also considered effective in ameliorating neuroinflammation in AD patients. Other anti-inflammatory molecules are curcumin, catechin, Vitamin E and Vitamin C. Celecoxib a cox-2 selective inhibitor, also ameliorates inflammation in brain. Pioglitazone a PPARγ agonist, changes the M1 state of microglia to M2 state which increases the phagocytosis of deposited Aβ. PPARγ agonists also reduce the synthesis of IL-1β inflammatory cytokines. Many drugs targeting neuroinflammation inducing pathways are under different phases of clinical trials. As there is a need of development of complete cure for Alzheimers disease, focusing neuroinflammation pathways can come out as effective treatment for the disease.",2021,True
27796744,Molecular and Therapeutic Targets of Genistein in Alzheimer's Disease.,"Alzheimers disease (AD) is a devastating brain disorder characterized by an increased level of amyloid-beta (Aβ) peptide deposition and neuronal cell death leading to an impairment of learning and thinking skills. The Aβ deposition is a key factor in senile plaques of the AD brain which cause the elevation of intracellular calcium ions and the production of formidable free radicals, both of which greatly contribute to the AD-associated cascade, leading to unstoppable neuronal loss in the hippocampal region of the brain. Natural products are currently considered as an alternative strategy for the discovery of novel multipotent drugs against AD. They include the naturally occurring dietary soy isoflavone genistein which has been recognized to possess several health-promoting effects. Genistein has been mainly focused because of its potential on amelioration of Aβ-induced impairment and its antioxidant capacity to scavenge the free radicals produced in AD. It can also directly interact with the targeted signaling proteins and stabilize their activity to prevent AD. An improved understanding of the direct interactions between genistein and target proteins would contribute to the further development of AD treatment. This review mainly focuses on molecular targets and the therapeutic effects regulated by genistein, which has the ability to directly target the Aβ peptide and to control its activity involved in intracellular signaling pathways, which otherwise would lead to neuronal death in the hippocampal region of the AD brain.","Alzheimers disease (AD) is a devastating brain disorder characterized by an increased level of amyloid-beta (Aβ) peptide deposition and neuronal cell death leading to an impairment of learning and thinking skills. The Aβ deposition is a key factor in senile plaques of the AD brain which cause the elevation of intracellular calcium ions and the production of formidable free radicals, both of which greatly contribute to the AD-associated cascade, leading to unstoppable neuronal loss in the hippocampal region of the brain. Natural products are currently considered as an alternative strategy for the discovery of novel multipotent drugs against AD. They include the naturally occurring dietary soy isoflavone genistein which has been recognized to possess several health-promoting effects. Genistein has been mainly focused because of its potential on amelioration of Aβ-induced impairment and its antioxidant capacity to scavenge the free radicals produced in AD. It can also directly interact with the targeted signaling proteins and stabilize their activity to prevent AD. An improved understanding of the direct interactions between genistein and target proteins would contribute to the further development of AD treatment. This review mainly focuses on molecular targets and the therapeutic effects regulated by genistein, which has the ability to directly target the Aβ peptide and to control its activity involved in intracellular signaling pathways, which otherwise would lead to neuronal death in the hippocampal region of the AD brain.",2017,False
27163828,MicroRNAs as Therapeutic Targets for Alzheimer's Disease.,"Alzheimers disease (AD) is the most common cause of dementia in the elderly. With increasing longevity and the absence of a cure, AD has become not only a major health problem but also a heavy social and economic burden worldwide. Given this public health challenge, and that the current approved therapy for AD is limited to symptomatic treatment (i.e., cholinesterase inhibitors and NMDA receptor antagonists), exploration of new molecular pathways as novel therapeutic targets remains an attractive option for disease modifying drug development. microRNAs (miRNAs) are short non-coding RNA that control gene expression at the post-translational level by inhibiting translation of specific mRNAs or degrading them. Dysregulation of several miRNAs has been described in AD brains. Interestingly, their molecular targets are pathways that are well-established functional players in the onset and development of AD pathogenesis. Today several molecular tools have been developed to modulate miRNA levels in vitro and in vivo. These scientific advancements are affording us for the first time with the real possibility of targeting in vivo these dysregulated miRNAs as a novel therapeutic approach against AD.","Alzheimers disease (AD) is the most common cause of dementia in the elderly. With increasing longevity and the absence of a cure, AD has become not only a major health problem but also a heavy social and economic burden worldwide. Given this public health challenge, and that the current approved therapy for AD is limited to symptomatic treatment (i.e., cholinesterase inhibitors and NMDA receptor antagonists), exploration of new molecular pathways as novel therapeutic targets remains an attractive option for disease modifying drug development. microRNAs (miRNAs) are short non-coding RNA that control gene expression at the post-translational level by inhibiting translation of specific mRNAs or degrading them. Dysregulation of several miRNAs has been described in AD brains. Interestingly, their molecular targets are pathways that are well-established functional players in the onset and development of AD pathogenesis. Today several molecular tools have been developed to modulate miRNA levels in vitro and in vivo. These scientific advancements are affording us for the first time with the real possibility of targeting in vivo these dysregulated miRNAs as a novel therapeutic approach against AD.",2016,False
21199770,Therapeutic targets in Alzheimer's disease and related tauopathies.,"Alzheimers disease is a progressive neurodegenerative disease that is characterized histopathologically by the presence of plaques, mainly composed of Abeta amyloid and the tangles, mainly composed of hyperphosphorylated tau. To date, there is no treatment that can reverse the disease, and all the current therapeutics is directed to cope with the symptoms of the disease. Here we describe the efforts dedicated to attack the plaques and, in more detail, the process of neurofibrillary degeneration, linked to the presence of the hyperphosphorylated microtubule associated protein tau. We have identified the different putative targets for therapeutics and the current knowledge on them.","Alzheimers disease is a progressive neurodegenerative disease that is characterized histopathologically by the presence of plaques, mainly composed of Abeta amyloid and the tangles, mainly composed of hyperphosphorylated tau. To date, there is no treatment that can reverse the disease, and all the current therapeutics is directed to cope with the symptoms of the disease. Here we describe the efforts dedicated to attack the plaques and, in more detail, the process of neurofibrillary degeneration, linked to the presence of the hyperphosphorylated microtubule associated protein tau. We have identified the different putative targets for therapeutics and the current knowledge on them.",2011,False
29332579,Alzheimer's Disease: A Systemic Review of Substantial Therapeutic Targets and the Leading Multi-functional Molecules.,"Alzheimers Disease (AD) is a fatal neurodegenerative disorder, having a complex aetiology with numerous possible drug targets. There are targets that have been known for years while more new targets and theories have also emerged. Beta amyloid and cholinesterases are the most significant biological targets for finding curative treatment of AD. The major class of drugs used for AD till now has been the Cholinesterase (ChE) inhibitors. Other prevailing models of molecular pathogenesis in AD include Neurofibrillary Tangles (NFTs) and amyloid deposition, tryptophan degradation pathway, kinase and phosphatase activity imbalance and neuroinflammation. The beta amyloid aggregation initiates flow of events resulting in neurotoxicity and finally clinical pathogenesis of AD. Furthermore, ApoE is another very significant entity involved in repairing and maintaining the neurons and has important role in neurodegeneration. Neuroinflammation being the primmest symptom for AD is essential to focus on. Multiple factors and complexity in interlinking disease progression pose huge challenge to find one complete curing drug. With so many promising molecules having multiform pharmacological profile from all over the world however facing failures in clinical trials indicates the need to consider all aspects of the old as well as new therapeutic targets of AD. Until the disease mechanism is better understood, it is likely that multiple targeting, symptomatic and diseasemodifying, is the way forward. Most recent approaches to find anti-Alzheimers agents have focused on multi-target directed agents that include targeting all glorious targets hypothesized against AD. New identification of prototype candidates that could be starting point of a new way of thinking drug design has been done and many drug candidates are under preclinical evaluation. The main focus of this review is to discuss the recent understanding of key targets and the development of potential therapeutic agents for the treatment of AD. It also documents the current therapeutic agents in clinical trials and under development based on their main mode of action.","Alzheimers Disease (AD) is a fatal neurodegenerative disorder, having a complex aetiology with numerous possible drug targets. There are targets that have been known for years while more new targets and theories have also emerged. Beta amyloid and cholinesterases are the most significant biological targets for finding curative treatment of AD. The major class of drugs used for AD till now has been the Cholinesterase (ChE) inhibitors. Other prevailing models of molecular pathogenesis in AD include Neurofibrillary Tangles (NFTs) and amyloid deposition, tryptophan degradation pathway, kinase and phosphatase activity imbalance and neuroinflammation. The beta amyloid aggregation initiates flow of events resulting in neurotoxicity and finally clinical pathogenesis of AD. Furthermore, ApoE is another very significant entity involved in repairing and maintaining the neurons and has important role in neurodegeneration. Neuroinflammation being the primmest symptom for AD is essential to focus on. Multiple factors and complexity in interlinking disease progression pose huge challenge to find one complete curing drug. With so many promising molecules having multiform pharmacological profile from all over the world however facing failures in clinical trials indicates the need to consider all aspects of the old as well as new therapeutic targets of AD. Until the disease mechanism is better understood, it is likely that multiple targeting, symptomatic and diseasemodifying, is the way forward. Most recent approaches to find anti-Alzheimers agents have focused on multi-target directed agents that include targeting all glorious targets hypothesized against AD. New identification of prototype candidates that could be starting point of a new way of thinking drug design has been done and many drug candidates are under preclinical evaluation. The main focus of this review is to discuss the recent understanding of key targets and the development of potential therapeutic agents for the treatment of AD. It also documents the current therapeutic agents in clinical trials and under development based on their main mode of action.",2017,False
39122455,Broadening Horizons: Exploring the Cathepsin Family as Therapeutic Targets for Alzheimer's Disease.,"Alzheimers disease (AD) is an intricate neurodegenerative disorder characterized by the accumulation of misfolded proteins, including beta-amyloid (Aβ) and tau, leading to cognitive decline. Despite decades of research, the precise mechanisms underlying its onset and progression remain elusive. Cathepsins are a family of lysosomal enzymes that play vital roles in cellular processes, including protein degradation and regulation of immune responses. Emerging evidence suggests that cathepsins may be involved in AD pathogenesis. Cathepsins can influence the activation of microglia and astrocytes, the resident immune cells in the brain. However, cathepsin dysfunction may lead to the accumulation of misfolded proteins, notably Aβ and tau. In addition, dysregulated cathepsin activity may induce an exaggerated immune response, promoting chronic inflammation and neuronal dysfunction in patients with AD. By unraveling the classification, functions, and roles of cathepsins in ADs pathogenesis, this review sheds light on their intricate involvement in this devastating disease. Targeting cathepsin activity could be a promising and novel approach for mitigating the pathological processes that contribute to AD, providing new avenues for its treatment and prevention.","Alzheimers disease (AD) is an intricate neurodegenerative disorder characterized by the accumulation of misfolded proteins, including beta-amyloid (Aβ) and tau, leading to cognitive decline. Despite decades of research, the precise mechanisms underlying its onset and progression remain elusive. Cathepsins are a family of lysosomal enzymes that play vital roles in cellular processes, including protein degradation and regulation of immune responses. Emerging evidence suggests that cathepsins may be involved in AD pathogenesis. Cathepsins can influence the activation of microglia and astrocytes, the resident immune cells in the brain. However, cathepsin dysfunction may lead to the accumulation of misfolded proteins, notably Aβ and tau. In addition, dysregulated cathepsin activity may induce an exaggerated immune response, promoting chronic inflammation and neuronal dysfunction in patients with AD. By unraveling the classification, functions, and roles of cathepsins in ADs pathogenesis, this review sheds light on their intricate involvement in this devastating disease. Targeting cathepsin activity could be a promising and novel approach for mitigating the pathological processes that contribute to AD, providing new avenues for its treatment and prevention. Alzheimers disease (AD) ranks among the most prevalent neurodegenerative disorders Cathepsins constitute a prevalent group of proteases in the endosome-lysosome system Recent studies have highlighted the significant contributions of the cathepsin family to the pathogenesis of AD. For instance, cathepsin X (CTSX) participates in the regulation of microglial function, which affects chronic neuroinflammation in the brain and mediates neurodegenerative diseases, including AD Classes, protease types, biological roles of cathepsins, and related diseases. AD represents a multifaceted neurodegenerative disorder characterized by the progressive deterioration of cognitive functions The cathepsin family plays a significant role in AD, impacting key pathological processes such as Aβ deposition, hyperphosphorylation of Tau protein, and regulation of inflammatory responses ( Our review of the cathepsin familys potential as a therapeutic target for AD highlights promising avenues for further research and development. Notably, dysregulation of cathepsin activity has been implicated in AD pathogenesis, influencing the activation of microglia and astrocytes and contributing to the accumulation of Aβ and tau Cathepsins, with their diverse contributions to AD pathology, hold promise as therapeutic targets, but significant knowledge gaps remain. Firstly, a deeper understanding of individual cathepsin roles in Aβ production, tau hyperphosphorylation, and neuroinflammation is crucial. Elucidating these precise mechanisms will require further investigation. Secondly, the potential of cathepsin inhibitors as therapeutic agents in AD needs exploration. Research should focus on developing selective inhibitors and evaluating their impact on disease progression in preclinical models and clinical trials. Thirdly, the correlation between cathepsin levels, disease severity, and cognitive decline in patients remains poorly understood. Prospective studies monitoring cathepsin levels alongside disease progression could provide valuable insights. Additionally, investigating genetic variations in cathepsin genes and their association with AD risk could uncover novel genetic factors. Furthermore, research is needed to understand how cathepsins interact with other cellular pathways implicated in AD, such as endosomal-lysosomal function and autophagy. The emerging role of neuroinflammation in AD necessitates further investigation of how cathepsins modulate the central nervous systems inflammatory response and contribute to neuronal damage. Finally, translating findings from cellular and animal models to human disease is critical. This necessitates evaluating cathepsin-targeted therapies in clinical trials to assess their efficacy and safety in human subjects. By addressing these research gaps, we can unlock the full potential of cathepsins as therapeutic targets for AD. Treatment strategies could include the development of cathepsin inhibitors to reduce Aβ production or facilitate its degradation, mitigate Tau protein hyperphosphorylation, and modulate inflammatory responses. Additionally, targeting cathepsins at the molecular level using gene editing technologies like CRISPRCas9 or RNA interference (RNAi) techniques opens up new avenues for treatment. There is also the possibility of developing multitarget drugs that simultaneously target cathepsins and other pivotal targets in AD. In addition, the potential of cathepsins as biomarkers for early diagnosis and disease progression in AD warrants further evaluation, involving systematic studies of cathepsin expression and activity at different stages of the disease, as well as their correlations with AD symptoms and progression. The development of novel animal models represents a critical step towards achieving a more precise The identification of cathepsins as potential therapeutic targets opens new avenues for the development of targeted interventions for AD. Strategies aimed at modulating cathepsin activity could offer a novel approach to mitigate the pathological processes underlying AD. Future studies should focus on the specific mechanisms by which cathepsins contribute to neuroinflammation and protein aggregation, paving the way for the design of precise and effective therapeutic interventions. However, research targeting cathepsins as therapeutic agents for AD is challenging, warranting a more comprehensive understanding of their role in AD. Besides, the development of cathepsin inhibitors necessitates a rigorous evaluation of potential adverse effects and toxicity, particularly due to their critical roles in normal physiological processes. Finally, identifying which members of the cathepsin family are most promising as therapeutic targets and how to precisely modulate their activity are key areas for future research. In conclusion, our review has expounded on the multifaceted roles of several cathepsins, previously investigated in the context of AD pathogenesis both in humans and mice. We have demonstrated their diverse regulatory abilities in AD progression, encompassing functions such as modulating the neuroimmune response, facilitating Aβ degradation, and influencing tau hyperphosphorylation, all of which are critically contribute to the brain damage and cognitive dysfunction. While our review has encompassed a wide spectrum of cathepsins, it is evident that some members of this essential class of lysosomal enzymes warrant further investigation. As research advances, the intricate interplay between cathepsins and AD is becoming increasingly unraveled, suggesting their potential as promising targets and biomarkers for early diagnosis and later drug development and treatments for AD (",2024,True
25045220,Diverse molecular targets for therapeutic strategies in Alzheimer's disease.,"Alzheimers disease (AD) is the most common form of dementia caused by neurodegenerative process and is tightly related to amyloid β (Aβ) and neurofibrillary tangles. The lack of early diagnostic biomarker and therapeutic remedy hinders the prevention of increasing population of AD patients every year. In spite of accumulated scientific information, numerous clinical trials for candidate drug targets have failed to be preceded into therapeutic development, therefore, AD-related sufferers including patients and caregivers, are desperate to seek the solution. Also, effective AD intervention is desperately needed to reduce AD-related societal threats to public health. In this review, we summarize various drug targets and strategies in recent preclinical studies and clinical trials for AD therapy: Allopathic treatment, immunotherapy, Aβ productionaggregation modulator, tau-targeting therapy and metabolic targeting. Some has already failed in their clinical trials and the others are still in various stages of investigations, both of which give us valuable information for future research in AD therapeutic development.","Alzheimers disease (AD) is the most common form of dementia caused by neurodegenerative process and is tightly related to amyloid β (Aβ) and neurofibrillary tangles. The lack of early diagnostic biomarker and therapeutic remedy hinders the prevention of increasing population of AD patients every year. In spite of accumulated scientific information, numerous clinical trials for candidate drug targets have failed to be preceded into therapeutic development, therefore, AD-related sufferers including patients and caregivers, are desperate to seek the solution. Also, effective AD intervention is desperately needed to reduce AD-related societal threats to public health. In this review, we summarize various drug targets and strategies in recent preclinical studies and clinical trials for AD therapy: Allopathic treatment, immunotherapy, Aβ productionaggregation modulator, tau-targeting therapy and metabolic targeting. Some has already failed in their clinical trials and the others are still in various stages of investigations, both of which give us valuable information for future research in AD therapeutic development. Alzheimers disease (AD) is a pernicious neurodegenerative disease which is incurable with remedies developed up to date. The number of patients increases every year worldwide and 5.2 million people in the United States are suffering from AD. This number is expected to expand to 36 million to 115 million in worldwide around the year of 2050 and the estimated economic cost and suffering is increasing greatly ( Senile plaques of amyloid β (Aβ) in the brain parenchyma have been regarded as not only the main pathological phenomena ( Along with Aβ, microtubule-associated protein tau is another major factor of AD pathogenesis as a component of neurofibrillary tangles (NFTs) ( Up to date, only a few AD medications have been proved as improving AD symptoms, but none of them modify disease progress or pathological cascades ( Diverse approaches for AD therapeutic strategy have arisen along with better understanding of cellular and molecular mechanism of AD pathogenesis. In Recent findings suggest that Aβ accumulation is fairly slow and time-consuming process, likely to require more than two decades ( Up to date, researchers are desperate to find new ways for AD treatment and tune the drug candidates for the maximum efficacies. For instance, in developing Aβ synthesis modulator as AD therapeutic target, researchers has to consider diverse questions and concerns, including the right margins of decreased Aβ production level, maintaining proper physiological level and off-target effects by influencing other substrates besides Aβ. Because it is hard to tune the enzyme activity within the right physiological catalytic range, the successful development of AD therapeutics with enzyme modulator is dependent upon its efficacy on aiming action, specificity and selectivity to target substrate. Also, as everyone agrees that the right timing of drug treatment is essential for the evaluation of efficacies for therapeutic targets, improvement in early diagnostic tool for AD have to be pursued along with AD therapeutic development.",2014,True
29484980,Innovative Therapeutic Potential of Cannabinoid Receptors as Targets in Alzheimer's Disease and Less Well-Known Diseases.,"The discovery of cannabinoid receptors at the beginning of the 1990s, CB1 cloned in 1990 and CB2 cloned in 1993, and the availability of selective and potent cannabimimetics could only be justified by the existence of endogenous ligands that are capable of binding to them. Thus, the characterisation and cloning of the first cannabinoid receptor (CB1) led to the isolation and characterisation of the first endocannabinoid, arachidonoylethanolamide (AEA), two years later and the subsequent identification of a family of lipid transmitters known as the fatty acid ester 2-arachidonoylglycerol (2-AG). The endogenous cannabinoid system is a complex signalling system that comprises transmembrane endocannabinoid receptors, their endogenous ligands (the endocannabinoids), the specific uptake mechanisms and the enzymatic systems related to their biosynthesis and degradation. The endocannabinoid system has been implicated in a wide diversity of biological processes, in both the central and peripheral nervous systems, including memory, learning, neuronal development, stress and emotions, food intake, energy regulation, peripheral metabolism, and the regulation of hormonal balance through the endocrine system. In this context, this article will review the current knowledge of the therapeutic potential of cannabinoid receptor as a target in Alzheimers disease and other less well-known diseases that include, among others, multiple sclerosis, bone metabolism, and Fragile X syndrome. The therapeutic applications will be addressed through the study of cannabinoid agonists acting as single drugs and multi-target drugs highlighting the CB2 receptor agonist.","The discovery of cannabinoid receptors at the beginning of the 1990s, CB1 cloned in 1990 and CB2 cloned in 1993, and the availability of selective and potent cannabimimetics could only be justified by the existence of endogenous ligands that are capable of binding to them. Thus, the characterisation and cloning of the first cannabinoid receptor (CB1) led to the isolation and characterisation of the first endocannabinoid, arachidonoylethanolamide (AEA), two years later and the subsequent identification of a family of lipid transmitters known as the fatty acid ester 2-arachidonoylglycerol (2-AG). The endogenous cannabinoid system is a complex signalling system that comprises transmembrane endocannabinoid receptors, their endogenous ligands (the endocannabinoids), the specific uptake mechanisms and the enzymatic systems related to their biosynthesis and degradation. The endocannabinoid system has been implicated in a wide diversity of biological processes, in both the central and peripheral nervous systems, including memory, learning, neuronal development, stress and emotions, food intake, energy regulation, peripheral metabolism, and the regulation of hormonal balance through the endocrine system. In this context, this article will review the current knowledge of the therapeutic potential of cannabinoid receptor as a target in Alzheimers disease and other less well-known diseases that include, among others, multiple sclerosis, bone metabolism, and Fragile X syndrome. The therapeutic applications will be addressed through the study of cannabinoid agonists acting as single drugs and multi-target drugs highlighting the CB2 receptor agonist.",2019,False
38513667,"P-tau217 correlates with neurodegeneration in Alzheimer's disease, and targeting p-tau217 with immunotherapy ameliorates murine tauopathy.","Neuronal loss is the central issue in Alzheimers disease (AD), yet no treatment developed so far can halt AD-associated neurodegeneration. Here, we developed a monoclonal antibody (mAb2A7) against 217 site-phosphorylated human tau (p-tau217) and observed that p-tau217 levels positively correlated with brain atrophy and cognitive impairment in AD patients. Intranasal administration efficiently delivered mAb2A7 into male PS19 tauopathic mouse brain with target engagement and reduced tau pathologyaggregation with little effect on total soluble tau. Further, mAb2A7 treatment blocked apoptosis-associated neuronal loss and brain atrophy, reversed cognitive deficits, and improved motor function in male tauopathic mice. Proteomic analysis revealed that mAb2A7 treatment reversed alterations mainly in proteins associated with synaptic functions observed in murine tauopathy and AD brain. An antibody (13G4) targeting total tau also attenuated tau-associated pathology and neurodegeneration but impaired the motor function of male tauopathic mice. These results implicate p-tau217 as a potential therapeutic target for AD-associated neurodegeneration.","Neuronal loss is the central issue in Alzheimers disease (AD), yet no treatment developed so far can halt AD-associated neurodegeneration. Here, we developed a monoclonal antibody (mAb2A7) against 217 site-phosphorylated human tau (p-tau217) and observed that p-tau217 levels positively correlated with brain atrophy and cognitive impairment in AD patients. Intranasal administration efficiently delivered mAb2A7 into male PS19 tauopathic mouse brain with target engagement and reduced tau pathologyaggregation with little effect on total soluble tau. Further, mAb2A7 treatment blocked apoptosis-associated neuronal loss and brain atrophy, reversed cognitive deficits, and improved motor function in male tauopathic mice. Proteomic analysis revealed that mAb2A7 treatment reversed alterations mainly in proteins associated with synaptic functions observed in murine tauopathy and AD brain. An antibody (13G4) targeting total tau also attenuated tau-associated pathology and neurodegeneration but impaired the motor function of male tauopathic mice. These results implicate p-tau217 as a potential therapeutic target for AD-associated neurodegeneration.",2024,False
23217740,A plaque-specific antibody clears existing β-amyloid plaques in Alzheimer's disease mice.,"Aβ Immunotherapy is a promising therapeutic approach for Alzheimers disease. Preclinical studies demonstrate that plaque prevention is possible; however, the more relevant therapeutic removal of existing plaque has proven elusive. Monoclonal antibodies in development target both soluble and insoluble Aβ peptide. We hypothesized that antibody specificity for deposited plaque was critical for plaque removal since soluble Aβ peptide would block recognition of deposited forms. We developed a plaque-specific antibody that targets a modified Aβ peptide (Aβ(p3-42)), which showed robust clearance of pre-existing plaque without causing microhemorrhage. Interestingly, a comparator N-terminal Aβ antibody 3D6, which binds both soluble and insoluble Aβ(1-42), lacked efficacy for lowering existing plaque but manifested a significant microhemorrhage liability. Mechanistic studies suggested that the lack of efficacy for 3D6 was attributed to poor target engagement in plaques. These studies have profound implications for the development of therapeutic Aβ antibodies for Alzheimers disease.","Aβ Immunotherapy is a promising therapeutic approach for Alzheimers disease. Preclinical studies demonstrate that plaque prevention is possible; however, the more relevant therapeutic removal of existing plaque has proven elusive. Monoclonal antibodies in development target both soluble and insoluble Aβ peptide. We hypothesized that antibody specificity for deposited plaque was critical for plaque removal since soluble Aβ peptide would block recognition of deposited forms. We developed a plaque-specific antibody that targets a modified Aβ peptide (Aβ(p3-42)), which showed robust clearance of pre-existing plaque without causing microhemorrhage. Interestingly, a comparator N-terminal Aβ antibody 3D6, which binds both soluble and insoluble Aβ(1-42), lacked efficacy for lowering existing plaque but manifested a significant microhemorrhage liability. Mechanistic studies suggested that the lack of efficacy for 3D6 was attributed to poor target engagement in plaques. These studies have profound implications for the development of therapeutic Aβ antibodies for Alzheimers disease.",2012,False
21718217,Nuclear receptors as therapeutic targets for Alzheimer's disease.,"Alzheimers disease (AD) is characterized by the accumulation and extensive deposition of amyloid β (Aβ) in the parenchyma of the brain. This accumulation of amyloid is associated with perturbations in synaptic function, impairments in energy metabolism and induction of a chronic inflammatory response which acts to promote neuronal loss and cognitive impairment. Currently, there are no drugs that target the underlying mechanisms of AD. Here, we propose a class of nuclear receptors as novel and promising new therapeutic targets for AD. This review summarizes the literature on nuclear receptors and their effects on AD-related pathophysiology. Nuclear receptors are attractive targets for the treatment of AD due to their ability to facilitate degradation of Aβ, affect microglial activation and suppress the inflammatory milieu of the brain. Liver X receptor agonists have proven difficult to move into clinical trials as long-term treatment results in hepatic steatosis. It is our view that PPAR-γ activation remains a promising avenue for the treatment for AD; however, the poor BBB permeability of the currently available agonists and the negative outcome of the Phase III clinical trials are likely to diminish interest in pursuing this target.","Alzheimers disease (AD) is characterized by the accumulation and extensive deposition of amyloid β (Aβ) in the parenchyma of the brain. This accumulation of amyloid is associated with perturbations in synaptic function, impairments in energy metabolism and induction of a chronic inflammatory response which acts to promote neuronal loss and cognitive impairment. Currently, there are no drugs that target the underlying mechanisms of AD. Here, we propose a class of nuclear receptors as novel and promising new therapeutic targets for AD. This review summarizes the literature on nuclear receptors and their effects on AD-related pathophysiology. Nuclear receptors are attractive targets for the treatment of AD due to their ability to facilitate degradation of Aβ, affect microglial activation and suppress the inflammatory milieu of the brain. Liver X receptor agonists have proven difficult to move into clinical trials as long-term treatment results in hepatic steatosis. It is our view that PPAR-γ activation remains a promising avenue for the treatment for AD; however, the poor BBB permeability of the currently available agonists and the negative outcome of the Phase III clinical trials are likely to diminish interest in pursuing this target. Alzheimers disease (AD) is the leading cause of dementia in the elderly. This disease was first discovered by Dr. Alois Alzheimer in 1907, and is characterized by the deposition of extracellular amyloid plaques and intraneuronal neurofibrillary tangles. According to the World Health Organization there are currently 18 million people affected with AD worldwide and it is estimated that this number will double by the year 2050 Alzheimers disease is a chronic neurodegenerative disease characterized by the progressive deposition of the amyloid beta (Aβ) in the parenchyma of the brain. A substantial body of literature supports the centrality Aβ homeostasis in disease progression. The Aβ peptide is generated by the sequential cleavage of the amyloid precursor protein (APP) by the beta and gamma secretases, resulting in the generation of peptides 40 or 42 amino acids in length The development of dense-core amyloid plaques is associated with a robust immune response mediated by microglial cells. Microglia are the principal immune effectors of the central nervous system and are derived embryonically from a myeloid lineage There in now an extensive body of evidence demonstrating the efficacy of nuclear receptors agonists in ameliorating AD-related pathology in animal models. Targeting the family of receptors described in this review has shown to ameliorate plaque burden, reverse memory related deficits and reduce inflammation in animal models, all critical components of AD disease pathogenesis. Thus, we believe that nuclear receptors represent new and promising therapeutic targets for AD treatment.",2011,True
40810239,"Understanding the role of microglia in Alzheimer's disease: insights into mechanisms, acupuncture, and potential therapeutic targets.","Microglia (MG) are immune effector cells in the central nervous system (CNS) and play a pivotal role in the pathogenesis of various CNS diseases. Alzheimers disease (AD) is defined as a severe chronic degenerative neurological disease in humans. The amyloid cascade hypothesis is a hypothesis on the pathogenesis of AD that suggests that abnormal extracellular aggregation of β-amyloid (Aβ) peptides is the main cause of the disease. Although this hypothesis has been found to be convincing, a growing body of evidence suggests that it does not fully explain the pathogenesis of AD. Neuroinflammation is a crucial element in the pathogenesis of AD, as evidenced by elevated levels of inflammatory markers and the identification of AD risk genes associated with innate immune function. This paper will first summarize the impact of microglia-mediated neuroinflammation on AD, exploring the phenotypic changes that follow microglia activation. Secondly, the interactions between microglia, Aβ, microtubule-associated protein, apolipoprotein E and neurons are thoroughly investigated, with particular focus on the interactive mechanisms. Furthermore, the recent progress and prospects of microglia as a diagnostic and therapeutic target for AD are analysed. A review of the literature on the mechanisms regulating MG for AD at home and abroad revealed that acupuncture modulation of microglia could help to delay the progression of AD. This was followed by an extensive discussion of the clinical possibilities and scientific validity of acupuncture treatment for AD, with the aim of providing new insights for acupuncture modulation of MG targeting for the treatment of AD.","Microglia (MG) are immune effector cells in the central nervous system (CNS) and play a pivotal role in the pathogenesis of various CNS diseases. Alzheimers disease (AD) is defined as a severe chronic degenerative neurological disease in humans. The amyloid cascade hypothesis is a hypothesis on the pathogenesis of AD that suggests that abnormal extracellular aggregation of β-amyloid (Aβ) peptides is the main cause of the disease. Although this hypothesis has been found to be convincing, a growing body of evidence suggests that it does not fully explain the pathogenesis of AD. Neuroinflammation is a crucial element in the pathogenesis of AD, as evidenced by elevated levels of inflammatory markers and the identification of AD risk genes associated with innate immune function. This paper will first summarize the impact of microglia-mediated neuroinflammation on AD, exploring the phenotypic changes that follow microglia activation. Secondly, the interactions between microglia, Aβ, microtubule-associated protein, apolipoprotein E and neurons are thoroughly investigated, with particular focus on the interactive mechanisms. Furthermore, the recent progress and prospects of microglia as a diagnostic and therapeutic target for AD are analysed. A review of the literature on the mechanisms regulating MG for AD at home and abroad revealed that acupuncture modulation of microglia could help to delay the progression of AD. This was followed by an extensive discussion of the clinical possibilities and scientific validity of acupuncture treatment for AD, with the aim of providing new insights for acupuncture modulation of MG targeting for the treatment of AD.",2025,True
38286338,"Alzheimer's disease current therapies, novel drug delivery systems and future directions for better disease management.","Alzheimers disease (AD), is a neurodegenerative disorder that escalates with time, exerting a significant impact on physical and mental health and leading to death. The prevalence of AD is progressively rising along with its associated economic burden and necessitates effective therapeutic approaches in the near future. This review paper aims to offer an insightful overview of disease pathogenesis, current FDA-approved drugs, and drugs in different clinical phases. It also explores innovative formulations and drug delivery strategies, focusing on nanocarriers and long-acting medications (LAMs) to enhance treatment efficacy and patient adherence. The review also emphasizes preclinical evidence related to nanocarriers and their potential to improve drug bioavailability, pharmacokinetics, and pharmacodynamics parameters, while also highlighting their ability to minimize systemic side effects. By providing a comprehensive analysis, this review furnishes valuable insights into different pathophysiological mechanisms for future drug development. It aims to inform the development of treatment strategies and innovative formulation approaches for delivering existing molecules in Alzheimers disease, ultimately striving to improve patient compliance.","Alzheimers disease (AD), is a neurodegenerative disorder that escalates with time, exerting a significant impact on physical and mental health and leading to death. The prevalence of AD is progressively rising along with its associated economic burden and necessitates effective therapeutic approaches in the near future. This review paper aims to offer an insightful overview of disease pathogenesis, current FDA-approved drugs, and drugs in different clinical phases. It also explores innovative formulations and drug delivery strategies, focusing on nanocarriers and long-acting medications (LAMs) to enhance treatment efficacy and patient adherence. The review also emphasizes preclinical evidence related to nanocarriers and their potential to improve drug bioavailability, pharmacokinetics, and pharmacodynamics parameters, while also highlighting their ability to minimize systemic side effects. By providing a comprehensive analysis, this review furnishes valuable insights into different pathophysiological mechanisms for future drug development. It aims to inform the development of treatment strategies and innovative formulation approaches for delivering existing molecules in Alzheimers disease, ultimately striving to improve patient compliance.",2024,False
26813123,Alzheimer's disease: Targeting the Cholinergic System.,"Acetylcholine (ACh) has a crucial role in the peripheral and central nervous systems. The enzyme choline acetyltransferase (ChAT) is responsible for synthesizing ACh from acetyl-CoA and choline in the cytoplasm and the vesicular acetylcholine transporter (VAChT) uptakes the neurotransmitter into synaptic vesicles. Following depolarization, ACh undergoes exocytosis reaching the synaptic cleft, where it can bind its receptors, including muscarinic and nicotinic receptors. ACh present at the synaptic cleft is promptly hydrolyzed by the enzyme acetylcholinesterase (AChE), forming acetate and choline, which is recycled into the presynaptic nerve terminal by the high-affinity choline transporter (CHT1). Cholinergic neurons located in the basal forebrain, including the neurons that form the nucleus basalis of Meynert, are severely lost in Alzheimers disease (AD). AD is the most ordinary cause of dementia affecting 25 million people worldwide. The hallmarks of the disease are the accumulation of neurofibrillary tangles and amyloid plaques. However, there is no real correlation between levels of cortical plaques and AD-related cognitive impairment. Nevertheless, synaptic loss is the principal correlate of disease progression and loss of cholinergic neurons contributes to memory and attention deficits. Thus, drugs that act on the cholinergic system represent a promising option to treat AD patients.","Acetylcholine (ACh) has a crucial role in the peripheral and central nervous systems. The enzyme choline acetyltransferase (ChAT) is responsible for synthesizing ACh from acetyl-CoA and choline in the cytoplasm and the vesicular acetylcholine transporter (VAChT) uptakes the neurotransmitter into synaptic vesicles. Following depolarization, ACh undergoes exocytosis reaching the synaptic cleft, where it can bind its receptors, including muscarinic and nicotinic receptors. ACh present at the synaptic cleft is promptly hydrolyzed by the enzyme acetylcholinesterase (AChE), forming acetate and choline, which is recycled into the presynaptic nerve terminal by the high-affinity choline transporter (CHT1). Cholinergic neurons located in the basal forebrain, including the neurons that form the nucleus basalis of Meynert, are severely lost in Alzheimers disease (AD). AD is the most ordinary cause of dementia affecting 25 million people worldwide. The hallmarks of the disease are the accumulation of neurofibrillary tangles and amyloid plaques. However, there is no real correlation between levels of cortical plaques and AD-related cognitive impairment. Nevertheless, synaptic loss is the principal correlate of disease progression and loss of cholinergic neurons contributes to memory and attention deficits. Thus, drugs that act on the cholinergic system represent a promising option to treat AD patients. Acetylcholine (ACh) was the first neurotransmitter to be identified In the central nervous system (CNS), the cholinergic neurons are widely distributed Given its widespread distribution in the brain, it is not surprising that cholinergic neurotransmission is responsible for modulating important neural functions. The cholinergic system is involved in critical physiological processes, such as attention, learning, memory, stress response, wakefulness and sleep, and sensory information. Experimental data using non-human primates and rodents have demonstrated that injuries introduced to basal forebrain cholinergic neurons that innervate the cortex lead to attention deficit It has been demonstrated that the cholinergic system plays a role in the learning process Stress is another factor that can regulate ACh release in the forebrain and its function on the hypothalamic-pituitary-adrenal (HPA) system can modulate biological and emotional outcomes Another important function of the cholinergic system is to regulate the sleep cycle The cholinergic system plays an important role in memory and attention and the loss of cholinergic neurons from the nucleus basalis of Meynert that takes place in the AD patients brain appears to be a very important factor contributing to AD memory deficit. There are only four drugs that have been approved for treating AD patients so far, including the cholinesterase inhibitors - donepezil, galantamine, and rivastigmine and memantine, which is an NMDA receptor antagonist. However, none of them are disease-modifying drugs. Therapeutic interventions aiming to replenish lost neurons andor avoid neuronal death have the potential to modify AD progression. Based on this idea, new drugs are being tested aiming to diminish Aβ production, increase trophic factors and decrease glutamate excitotoxicity. Such therapies have the potential to rescue cholinergic neuronal death, as well as to avoid the loss of cortical and hippocampal neurons, preventing AD progression.",2016,True
34824300,Mechanism of quercetin therapeutic targets for Alzheimer disease and type 2 diabetes mellitus.,"Quercetin has demonstrated antioxidant, anti-inflammatory, hypoglycemic, and hypolipidemic activities, suggesting therapeutic potential against type 2 diabetes mellitus (T2DM) and Alzheimers disease (AD). In this study, potential molecular targets of quercetin were first identified using the Swiss Target Prediction platform and pathogenic targets of T2DM and AD were identified using online Mendelian inheritance in man (OMIM), DisGeNET, TTD, DrugBank, and GeneCards databases. The 95 targets shared among quercetin, T2DM, and AD were used to establish a protein-protein interaction (PPI) network, top 25 core genes, and protein functional modules using MCODE. Metascape was then used for gene ontology and kyoto encyclopedia of genes and genomes (KEGG) pathway enrichment analysis. A protein functional module with best score was obtained from the PPI network using CytoHubba, and 6 high-probability quercetin targets (AKT1, JUN, MAPK, TNF, VEGFA, and EGFR) were confirmed by docking simulations. Molecular dynamics simulation was carried out according to the molecular docking results. KEGG pathway enrichment analysis suggested that the major shared mechanisms for T2DM and AD include AGE-RAGE signaling pathway in diabetic complications, pathways in cancer, and MAPK signaling pathway (the key pathway). We speculate that quercetin may have therapeutic applications in T2DM and AD by targeting MAPK signaling, providing a theoretical foundation for future clinical research.","Quercetin has demonstrated antioxidant, anti-inflammatory, hypoglycemic, and hypolipidemic activities, suggesting therapeutic potential against type 2 diabetes mellitus (T2DM) and Alzheimers disease (AD). In this study, potential molecular targets of quercetin were first identified using the Swiss Target Prediction platform and pathogenic targets of T2DM and AD were identified using online Mendelian inheritance in man (OMIM), DisGeNET, TTD, DrugBank, and GeneCards databases. The 95 targets shared among quercetin, T2DM, and AD were used to establish a protein-protein interaction (PPI) network, top 25 core genes, and protein functional modules using MCODE. Metascape was then used for gene ontology and kyoto encyclopedia of genes and genomes (KEGG) pathway enrichment analysis. A protein functional module with best score was obtained from the PPI network using CytoHubba, and 6 high-probability quercetin targets (AKT1, JUN, MAPK, TNF, VEGFA, and EGFR) were confirmed by docking simulations. Molecular dynamics simulation was carried out according to the molecular docking results. KEGG pathway enrichment analysis suggested that the major shared mechanisms for T2DM and AD include AGE-RAGE signaling pathway in diabetic complications, pathways in cancer, and MAPK signaling pathway (the key pathway). We speculate that quercetin may have therapeutic applications in T2DM and AD by targeting MAPK signaling, providing a theoretical foundation for future clinical research. According to the 2017 global burden of disease study, type 2 diabetes mellitus (T2DM) and Alzheimers disease (AD) are the sixth and tenth leading causes of premature death worldwide Indeed, the term type 3 diabetes has been proposed to describe AD based on the hypothesis that AD-associated dementia is caused in part by insulin resistance and insufficient insulin-like growth factor signaling in the brain While there is strong evidence for an association between T2DM and AD at multiple levels, the seminal molecular mechanisms linking these disorders remain unknown. One potential strategy for identifying these molecular linkage pathways is to screen for common drug targets, which would also provide new possibilities for the treatment of T2DM and AD. Quercetin (3, 3, 4, 5, 7-pentahydroxyflavone) is a natural polyhydroxyflavonoid found in the flowers, leaves, and fruits of edible plants such as onion, apple, lettuce, and cabbage At present, there is no broadly effective drug treatment to delay AD onset, slow progression, or improve outcome Type 2 diabetes is the third most common non-infectious disease in the world. It is characterized by poor blood glucose control due to insulin resistance and progression apoptotic death of insulin-producing islet β-cells Alzheimers disease is the most common neurodegenerative disorder. Clinically, it is characterized by progressive cognitive impairment, memory loss, and marked changes in personality and behavior. The two primary hypotheses proposed to explain the progressive neurodegeneration and neurological impairments of AD are cytotoxic β-amyloid deposition (plaque formation) due to abnormal processing and hyperphosphorylation of tau as these are the pathological hallmarks of the AD brain. In turn, these plaques and NFTs may cause oxidative stress and inflammation, leading to synaptic failure, neuronal apoptosis (especially basal forebrain cholinergic neurons and various hippocampal and cortical neurons), and brain atrophy Many natural components found in traditional herbal preparations have documented antioxidant, anti-inflammatory, antidiabetic, and anti-apoptotic activities, suggesting potential utility for AD and T2DM treatment. For instance, quercetin can improve insulin production by rat insulinoma INS-1 cells in response to high glucose, as well as downregulate the relative expression levels of pro-apoptotic Bax and PDX-1 mRNAs, inhibit oxidative stress caused by H The current study revealed several potential molecular mechanisms for AD and T2DM as well as possible treatment targets by combining network pharmacology with molecular docking. By integrating and collating information from several databases, we identified 95 potential quercetin targets involved in T2DM and AD pathology, and further defined a potential protein functional module of five proteins and 25 core genes from the PPI network. The biological processes mediated by these functional module proteins include protein kinase signaling and cell proliferation, consistent with pathogenic pathways of T2DM and AD identified in previous studies. CytoHubba and MCODE identified AKT1, JUN, MAPK, TNF, VEGFA, and EGFR as core targets of quercetin that may contribute to AD and T2DM. The PI3KAkt signaling pathway is anti-apoptotic, and AKT1 inhibits Akt phosphorylation (activation), which in turn upregulates the activity of GSK3β, a kinase implicated in the pathogenesis of both T2DM and AD. JUN is a member of the mitogen-activated protein kinase (MAPK) family implicated in the onset, progression, and reversal of vascular diseases through modulation of vascular cell protein expression, proliferation, oxidative stress, and apoptosis. Downregulation of JUN can significantly reduce the expression of inflammatory factors and inhibit endothelial cell apoptosis To better understand the interactions among these target genes, we conducted GO and KEGG pathway analyses. The target genes were mainly related to cell apoptosis, regulation of inflammatory response, regulation of ROS, metallic process, and other biological processes. KEGG pathway enrichment analysis revealed that target proteins are involved in the MAPK, TNF, HIF-1, IL-17, PI3K, NF-kappa B, Toll-like receptor, and VEGF signaling pathways, AGE-RAGE signaling pathway in diabetic complications, pathways in cancer, proteoglycans in cancer, EGFR tyrosine kinase inhibitor resistance, cytokinecytokine receptor interaction, and Alzheimers disease. We hypothesize that quercetin may play a therapeutic role in T2DM and AD through the regulation of these pathways, but especially through modulation of MAPK signaling (Fig. Components of MAPK signaling pathway influenced by quercetin. A variety of extracellular signaling molecules (growth factors, neurotransmitters, cytokines, hormones, etc.) stimulate MAPK signaling via the MAPKKKMAPKK cascade, ultimately regulating both cytoplasmic processes and gene expression pathways underlying cell proliferation, differentiation, apoptosis, and stress responses. Three parallel MAPK signaling pathways are found in mammalian cells, extracellular signal regulated kinase (ERK), c-Jun N-terminal kinase (JNK), and p38 mitogen-activated protein kinase (p38 MAPK). Inhibiting MAPK signaling can reduce oxidative stress and ensure the normal proliferation, differentiation, and insulin secretion capacity of islet cells In conclusion, we have identified several potential molecular mechanisms by which quercetin can simultaneously interfere with T2DM and AD progression. Among these, suppression of MAPK signaling appears to be the most promoting strategy for the treatment of T2DM and AD.",2021,True
39271059,Amyloid-β-targeting immunotherapies for Alzheimer's disease.,"Recent advances in clinical passive immunotherapy have provided compelling evidence that eliminating amyloid-β (Aβ) slows cognitive decline in Alzheimers disease (AD). However, the modest benefits and side effects observed in clinical trials indicate that current immunotherapy therapy is not a panacea, highlighting the need for a deeper understanding of AD mechanisms and the significance of early intervention through optimized immunotherapy or immunoprevention. This review focuses on the centrality of Aβ pathology in AD and summarizes recent clinical progress in passive and active immunotherapies targeting Aβ, discussing their lessons and failures to inform future anti-Aβ biotherapeutics design. Various delivery strategies to optimize Aβ-targeting immunotherapies are outlined, highlighting their benefits and drawbacks in overcoming challenges such as poor stability and limited tissue accessibility of anti-Aβ biotherapeutics. Additionally, the perspectives and challenges of immunotherapy and immunoprevention targeting Aβ are concluded in the end, aiming to guide the development of next-generation anti-Aβ immunotherapeutic agents towards improved efficacy and safety.","Recent advances in clinical passive immunotherapy have provided compelling evidence that eliminating amyloid-β (Aβ) slows cognitive decline in Alzheimers disease (AD). However, the modest benefits and side effects observed in clinical trials indicate that current immunotherapy therapy is not a panacea, highlighting the need for a deeper understanding of AD mechanisms and the significance of early intervention through optimized immunotherapy or immunoprevention. This review focuses on the centrality of Aβ pathology in AD and summarizes recent clinical progress in passive and active immunotherapies targeting Aβ, discussing their lessons and failures to inform future anti-Aβ biotherapeutics design. Various delivery strategies to optimize Aβ-targeting immunotherapies are outlined, highlighting their benefits and drawbacks in overcoming challenges such as poor stability and limited tissue accessibility of anti-Aβ biotherapeutics. Additionally, the perspectives and challenges of immunotherapy and immunoprevention targeting Aβ are concluded in the end, aiming to guide the development of next-generation anti-Aβ immunotherapeutic agents towards improved efficacy and safety.",2024,False
39930497,Drug delivery strategies with lipid-based nanoparticles for Alzheimer's disease treatment.,"Alzheimers disease (AD) is a distinctive form of dementia characterized by age-related cognitive decline and memory impairment. A key hallmark of AD is the irreversible overaccumulation of beta-amyloid (Aβ) in the brain, associated with neuroinflammation and neuronal death. Although Aβ clearance and immunoregulation have been the major therapeutic strategies for AD, highly selective transport across the blood-brain barrier (BBB) negatively affects the delivery efficacy of the drugs without the ability to cross the BBB. In this review, we discuss the potential of lipid-based nanoparticles (LBNs) as promising vehicles for drug delivery in AD treatment. LBNs, composed of phospholipid mono- or bilayer, have attracted attention due to their exceptional cellular penetration capabilities and drug loading capabilities, which also facilitate cargo transcytosis across the BBB. Recent advances in the development and engineering of LBNs overcome the existing limitations of the current clinical approaches for AD treatment by addressing off-target effects and low therapeutic efficacy. Here, we review the transport pathways across the BBB, as well as various types of LBNs for AD therapy, including exosomes, liposomes, solid lipid nanoparticles (SLNs), and nanostructured lipid carriers (NLCs), to elucidate their distinctive properties, preparation methodologies, and therapeutic efficacy, thereby offering innovative avenues for novel drug development for clinical translation in AD therapy.","Alzheimers disease (AD) is a distinctive form of dementia characterized by age-related cognitive decline and memory impairment. A key hallmark of AD is the irreversible overaccumulation of beta-amyloid (Aβ) in the brain, associated with neuroinflammation and neuronal death. Although Aβ clearance and immunoregulation have been the major therapeutic strategies for AD, highly selective transport across the blood-brain barrier (BBB) negatively affects the delivery efficacy of the drugs without the ability to cross the BBB. In this review, we discuss the potential of lipid-based nanoparticles (LBNs) as promising vehicles for drug delivery in AD treatment. LBNs, composed of phospholipid mono- or bilayer, have attracted attention due to their exceptional cellular penetration capabilities and drug loading capabilities, which also facilitate cargo transcytosis across the BBB. Recent advances in the development and engineering of LBNs overcome the existing limitations of the current clinical approaches for AD treatment by addressing off-target effects and low therapeutic efficacy. Here, we review the transport pathways across the BBB, as well as various types of LBNs for AD therapy, including exosomes, liposomes, solid lipid nanoparticles (SLNs), and nanostructured lipid carriers (NLCs), to elucidate their distinctive properties, preparation methodologies, and therapeutic efficacy, thereby offering innovative avenues for novel drug development for clinical translation in AD therapy. The increasing prevalence of central nervous system (CNS) disorders has largely been attributed to neurodegenerative processes, such as Alzheimers disease (AD) Several biomolecules, proposed as therapeutics, are currently approved by the US Food and Drug Administration (FDA) for treating AD, mostly through the regulation of neurotransmitters or enzymes, such as acetylcholinesterase (AChE) inhibitors In this review, we explore the potential applications of lipid-based nanoparticles (LBNs) in the treatment of AD. Given the intricate nature of AD progression and the current uncertainties in treatment pathways, we propose hypotheses to elucidate the potential mechanisms underlying its development. In addition, we investigate the complexities of transporting biomolecules across the BBB, which is a crucial consideration when designing effective nanotherapeutics for the treatment of AD. Finally, we clarify both the definition and recent advancements in utilizing LBNs, either as carriers for drug delivery or as therapeutic agents themselves, enhancing their potential in AD treatment approaches. The LBNs which could be classified into two major parts, exosomes and liposomes, share similar characteristics in terms of drug delivery systems. Both exosomes and liposomes have been remarkably investigated as brain therapies due to their advantage of BBB penetration. In consists with the LBNs, among the various lipids, ionizable lipids has been also suggested as a potential candidate for enhancing the BBB penetration and following brain genedrug delivery. Ionizable LBNs utilize several strategies including prolonged blood circulation time, increased BBB penetration, and promoted interaction and uptake with brain endothelial cells through enhanced cellular uptake Recently, hybrid LBNs are recently being developed to address the limitations of the LBNs and combine such advantageous features of exosomes and liposomes",2025,True
22015920,Convergent pathogenic pathways in Alzheimer's and Huntington's diseases: shared targets for drug development.,"Neurodegenerative diseases, exemplified by Alzheimers disease and Huntingtons disease, are characterized by progressive neuropsychiatric dysfunction and loss of specific neuronal subtypes. Although there are differences in the exact sites of pathology, and the clinical profiles of these two conditions only partially overlap, considerable similarities in disease mechanisms and pathogenic pathways can be observed. These shared mechanisms raise the possibility of exploiting common therapeutic targets for drug development. As Huntingtons disease has a monogenic cause, it is possible to accurately identify individuals who carry the Huntingtons disease mutation but do not yet manifest symptoms. These individuals could act as a model for Alzheimers disease to test therapeutic interventions that target shared pathogenic pathways.","Neurodegenerative diseases, exemplified by Alzheimers disease and Huntingtons disease, are characterized by progressive neuropsychiatric dysfunction and loss of specific neuronal subtypes. Although there are differences in the exact sites of pathology, and the clinical profiles of these two conditions only partially overlap, considerable similarities in disease mechanisms and pathogenic pathways can be observed. These shared mechanisms raise the possibility of exploiting common therapeutic targets for drug development. As Huntingtons disease has a monogenic cause, it is possible to accurately identify individuals who carry the Huntingtons disease mutation but do not yet manifest symptoms. These individuals could act as a model for Alzheimers disease to test therapeutic interventions that target shared pathogenic pathways. The rapidly aging population in the developed world, spurred on by an increase in life expectancy, has led to increased prevalence of late onset neurodegenerative disorders and imposes an enormous financial and social burden on health care systems as well as society as a whole. In 2010, for example, 6 million people in the US were over the age of 85, and this number is projected to quadruple by 2050 The clinical symptoms of neurodegenerative disorders such as Alzheimers disease (AD) and Huntington disease (HD) are progressive and debilitating. The hallmark of HD is motor disability that features chorea, while the main symptom of AD is dementia. Nevertheless, patients with HD and AD share many clinical manifestations. These include behavioural and psychiatric disturbances (including depression and apathy) in the early stages and cognitive defects that result in forgetfulness, impaired judgement, disorientation and confusion. Cognitive deficits in patients with HD however are usually less severe than in AD; Patients also exhibit difficulty in ambulation and eating at late stages of both diseases, which ultimately lead to death AD is genetically heterogeneous and can be caused by any one or more of several genes as well as environmental factors. Familial AD (FAD), which accounts for less than 1 of all AD cases, are caused by rare mutations in genes encoding for amyloid precursor protein (APP), presenilin (PSEN)-1 and -2 At a neuropathological level, the diseases are initially characterized by a specific loss of certain neuronal subtypes. In HD, it is the medium-spiny neurons (MSNs) in the striatum that undergo atrophy in early stages of the disease, while in AD, large pyramidal neurons in the CA1 zone of the hippocampus as well as neurons in the basal forebrain and the entorhinal cortex are sites of early disease Although no treatments are available to slow or halt neuronal degeneration and neuronal death, the analysis of disease pathways has led to the identification of common drug targets for AD and HD. These similarities have not been commonly appreciated by the HD or AD research communities, and could lead to the development of drugs that can be used for both disorders. Here we will describe the pathways and therapeutic targets and rank them with target validation (TV) scores based on a scale developed by the Cure Huntingtons Disease Initiative (CHDI) ( For most targets, it is unknown whether their modulation will be disease-modifying or only lead to the alleviation of symptoms, and the TV score does not discriminate between these possibilities. To clarify this issue, long-term clinical studies are necessary, and we believe that these could initially be conducted in individuals carrying the mutation causing HD, since this population is well defined and alterations in the course of the disease can be determined at very early stages",2011,True
12558063,A critical analysis of new molecular targets and strategies for drug developments in Alzheimer's disease.,"Alzheimers disease (AD), a progressive, degenerative disorder of the brain, is believed to be the most common cause of dementia amongst the elderly. AD is characterized by the presence of amyloid deposits and neurofibrillary tangles in the brain of afflicted individuals. AD is associated with a loss of the presynaptic markers of the cholinergic system in the brain areas related to memory and learning. AD appears to have a heterogeneous etiology with a large percentage termed sporadic AD arising from unknown causes and a smaller fraction of early onset familial AD (FAD) caused by mutations in one of several genes, such as the beta-amyloid precursor protein (APP) and presenilins (PS1, PS2). These proteins along with tau, secretases, such as beta-amyloid cleaving enzyme (BACE), and apolipoprotein E play important roles in the pathology of AD. On therapeutic fronts, there is significant research underway in the development of new inhibitors for BACE, PS-1 and gamma-secretase as targets for treatment of AD. There is also a remarkable advancement in understanding the function of cholinesterase (ChE) in the brain and the use of ChE-inhibitors in AD. A new generation of acetyl- and butyryl cholinesterase inhibitors is being studied and tested in human clinical trials for AD. The development of vaccination strategies, anti-inflammatory agents, cholesterol-lowering agents, anti-oxidants and hormone therapy are examples of new approaches for treating or slowing the progression of AD. In addition, nutritional, genetic and environmental factors highlight more effective preventive strategies for AD. Developments of early diagnostic tools and of quantitative markers are critical to better follow the course of the disease and to evaluate different therapeutic strategies. In this review, we attempt to critically examine recent trends in AD research from molecular, genetic to clinical areas. We discuss various neurobiological mechanisms that provide the basis of new targets for AD drug development. All these current research efforts should lead to a deeper understanding of the pathobiochemical processes that occur in the AD brain in order to effectively diagnose and prevent their occurrence.","Alzheimers disease (AD), a progressive, degenerative disorder of the brain, is believed to be the most common cause of dementia amongst the elderly. AD is characterized by the presence of amyloid deposits and neurofibrillary tangles in the brain of afflicted individuals. AD is associated with a loss of the presynaptic markers of the cholinergic system in the brain areas related to memory and learning. AD appears to have a heterogeneous etiology with a large percentage termed sporadic AD arising from unknown causes and a smaller fraction of early onset familial AD (FAD) caused by mutations in one of several genes, such as the beta-amyloid precursor protein (APP) and presenilins (PS1, PS2). These proteins along with tau, secretases, such as beta-amyloid cleaving enzyme (BACE), and apolipoprotein E play important roles in the pathology of AD. On therapeutic fronts, there is significant research underway in the development of new inhibitors for BACE, PS-1 and gamma-secretase as targets for treatment of AD. There is also a remarkable advancement in understanding the function of cholinesterase (ChE) in the brain and the use of ChE-inhibitors in AD. A new generation of acetyl- and butyryl cholinesterase inhibitors is being studied and tested in human clinical trials for AD. The development of vaccination strategies, anti-inflammatory agents, cholesterol-lowering agents, anti-oxidants and hormone therapy are examples of new approaches for treating or slowing the progression of AD. In addition, nutritional, genetic and environmental factors highlight more effective preventive strategies for AD. Developments of early diagnostic tools and of quantitative markers are critical to better follow the course of the disease and to evaluate different therapeutic strategies. In this review, we attempt to critically examine recent trends in AD research from molecular, genetic to clinical areas. We discuss various neurobiological mechanisms that provide the basis of new targets for AD drug development. All these current research efforts should lead to a deeper understanding of the pathobiochemical processes that occur in the AD brain in order to effectively diagnose and prevent their occurrence.",2003,False
21550318,Biomarkers in Alzheimer's disease drug development.,"Developing new therapies for Alzheimers disease (AD) is critically important to avoid the impending public health disaster imposed by this common disorder. Means must be found to prevent, delay the onset, or slow the progression of AD. These goals will be achieved by identifying disease-modifying therapies and testing them in clinical trials. Biomarkers play an increasingly important role in AD drug development. In preclinical testing, they assist in decisions to develop an agent. Biomarkers in phase I provide insights into toxic responses and drug metabolism and in Phase II proof-of-concept trials they facilitate gono-go decisions and dose finding. Biomarkers can play a role in identifying presymptomatic patients or specific patient subgroups. They can provide evidence of target engagement before clinical changes can be expected. Brain imaging can serve as a primary outcome in Phase II trials and as a key secondary outcome in Phase III trials. Magnetic resonance imaging is currently best positioned for use in large multicenter clinical trials. Cerebrospinal fluid (CSF) measures of amyloid beta protein (Aβ), tau protein, and hyperphosphorylated tau (p-tau) protein are sensitive and specific to the diagnosis of AD and may serve as inclusion criteria and possibly as outcomes in clinical trials targeting relevant pathways. Plasma measures of Aβ are of limited diagnostic value but may provide important information as a measure of treatment response. A wide variety of measures of detectable products of cellular processes are being developed as possible biomarkers accessible in the cerebrospinal fluid and plasma or serum. Surrogate markers that can function as outcomes in pivotal trials and reliably predict clinical outcomes are needed to facilitate primary prevention trials of asymptomatic persons where clinical measures may be of limited value. Fit-for-purpose biomarkers are increasingly available to guide AD drug development decisions.","Developing new therapies for Alzheimers disease (AD) is critically important to avoid the impending public health disaster imposed by this common disorder. Means must be found to prevent, delay the onset, or slow the progression of AD. These goals will be achieved by identifying disease-modifying therapies and testing them in clinical trials. Biomarkers play an increasingly important role in AD drug development. In preclinical testing, they assist in decisions to develop an agent. Biomarkers in phase I provide insights into toxic responses and drug metabolism and in Phase II proof-of-concept trials they facilitate gono-go decisions and dose finding. Biomarkers can play a role in identifying presymptomatic patients or specific patient subgroups. They can provide evidence of target engagement before clinical changes can be expected. Brain imaging can serve as a primary outcome in Phase II trials and as a key secondary outcome in Phase III trials. Magnetic resonance imaging is currently best positioned for use in large multicenter clinical trials. Cerebrospinal fluid (CSF) measures of amyloid beta protein (Aβ), tau protein, and hyperphosphorylated tau (p-tau) protein are sensitive and specific to the diagnosis of AD and may serve as inclusion criteria and possibly as outcomes in clinical trials targeting relevant pathways. Plasma measures of Aβ are of limited diagnostic value but may provide important information as a measure of treatment response. A wide variety of measures of detectable products of cellular processes are being developed as possible biomarkers accessible in the cerebrospinal fluid and plasma or serum. Surrogate markers that can function as outcomes in pivotal trials and reliably predict clinical outcomes are needed to facilitate primary prevention trials of asymptomatic persons where clinical measures may be of limited value. Fit-for-purpose biomarkers are increasingly available to guide AD drug development decisions.",2011,False
15723159,"Alzheimer's associated inflammation, potential drug targets and future therapies.","Alzheimers disease is the most common cause of dementia in the elderly population. The most widely used treatment for Alzheimers disease at present is acetylcholinesterase inhibitors, which aim to prolong cognitive function through increased synaptic activity, without providing neuroprotection. This treatment is only symptomatic and provides modest outcomes for patients. The recent elucidation of the inflammatory pathways involved in Alzheimers disease however, has opened doors for better treatment and prevention by identification of areas of therapeutic intervention that target the cause of the disease rather than the symptoms. This review describes the inflammatory pathways that are thought to be present in Alzheimers disease and some of the new therapies that have shown promise, via alteration or inhibition of these pathways. Some of the therapies included in this review, which have already demonstrated beneficial effects in the treatment of Alzheimers disease, or have the potential to do so, are nonsteroidal anti-inflammatory drugs, statins, RAGE antagonists and antioxidants.","Alzheimers disease is the most common cause of dementia in the elderly population. The most widely used treatment for Alzheimers disease at present is acetylcholinesterase inhibitors, which aim to prolong cognitive function through increased synaptic activity, without providing neuroprotection. This treatment is only symptomatic and provides modest outcomes for patients. The recent elucidation of the inflammatory pathways involved in Alzheimers disease however, has opened doors for better treatment and prevention by identification of areas of therapeutic intervention that target the cause of the disease rather than the symptoms. This review describes the inflammatory pathways that are thought to be present in Alzheimers disease and some of the new therapies that have shown promise, via alteration or inhibition of these pathways. Some of the therapies included in this review, which have already demonstrated beneficial effects in the treatment of Alzheimers disease, or have the potential to do so, are nonsteroidal anti-inflammatory drugs, statins, RAGE antagonists and antioxidants.",2005,False
37424345,Nanotechnology-based Drug Delivery for Alzheimer's and Parkinson's Diseases.,"The delivery of drugs to the brain is quite challenging in the treatment of the central nervous system (CNS) diseases due to the blood-brain barrier and the blood-cerebrospinal fluid barrier. However, significant developments in nanomaterials employed by nanoparticle drug-delivery systems have substantial potential to cross or bypass these barriers leading to enhanced therapeutic efficacies. Advances in nanoplatform, nanosystems based on lipids, polymers and inorganic materials have been extensively studied and applied in treating Alzheimers and Parkinsons diseases. In this review, various types of brain drug delivery nanocarriers are classified, summarized, and their potential as drug delivery systems in Alzheimers and Parkinsons diseases is discussed. Finally, challenges facing the clinical translation of nanoparticles from bench to bedside are highlighted.","The delivery of drugs to the brain is quite challenging in the treatment of the central nervous system (CNS) diseases due to the blood-brain barrier and the blood-cerebrospinal fluid barrier. However, significant developments in nanomaterials employed by nanoparticle drug-delivery systems have substantial potential to cross or bypass these barriers leading to enhanced therapeutic efficacies. Advances in nanoplatform, nanosystems based on lipids, polymers and inorganic materials have been extensively studied and applied in treating Alzheimers and Parkinsons diseases. In this review, various types of brain drug delivery nanocarriers are classified, summarized, and their potential as drug delivery systems in Alzheimers and Parkinsons diseases is discussed. Finally, challenges facing the clinical translation of nanoparticles from bench to bedside are highlighted.",2024,False
32284421,Noninvasive hippocampal blood-brain barrier opening in Alzheimer's disease with focused ultrasound.,"The blood-brain barrier (BBB) presents a significant challenge for treating brain disorders. The hippocampus is a key target for novel therapeutics, playing an important role in Alzheimers disease (AD), epilepsy, and depression. Preclinical studies have shown that magnetic resonance (MR)-guided low-intensity focused ultrasound (FUS) can reversibly open the BBB and facilitate delivery of targeted brain therapeutics. We report initial clinical trial results evaluating the safety, feasibility, and reversibility of BBB opening with FUS treatment of the hippocampus and entorhinal cortex (EC) in patients with early AD. Six subjects tolerated a total of 17 FUS treatments with no adverse events and neither cognitive nor neurological worsening. Post-FUS contrast MRI revealed immediate and sizable hippocampal parenchymal enhancement indicating BBB opening, followed by BBB closure within 24 h. The average opening was 95 of the targeted FUS volume, which corresponds to 29 of the overall hippocampus volume. We demonstrate that FUS can safely, noninvasively, transiently, reproducibly, and focally mediate BBB opening in the hippocampusEC in humans. This provides a unique translational opportunity to investigate therapeutic delivery in AD and other conditions.","The blood-brain barrier (BBB) presents a significant challenge for treating brain disorders. The hippocampus is a key target for novel therapeutics, playing an important role in Alzheimers disease (AD), epilepsy, and depression. Preclinical studies have shown that magnetic resonance (MR)-guided low-intensity focused ultrasound (FUS) can reversibly open the BBB and facilitate delivery of targeted brain therapeutics. We report initial clinical trial results evaluating the safety, feasibility, and reversibility of BBB opening with FUS treatment of the hippocampus and entorhinal cortex (EC) in patients with early AD. Six subjects tolerated a total of 17 FUS treatments with no adverse events and neither cognitive nor neurological worsening. Post-FUS contrast MRI revealed immediate and sizable hippocampal parenchymal enhancement indicating BBB opening, followed by BBB closure within 24 h. The average opening was 95 of the targeted FUS volume, which corresponds to 29 of the overall hippocampus volume. We demonstrate that FUS can safely, noninvasively, transiently, reproducibly, and focally mediate BBB opening in the hippocampusEC in humans. This provides a unique translational opportunity to investigate therapeutic delivery in AD and other conditions. We demonstrate a safe, reproducible, and substantial BBB opening in six subjects with 17 distinct treatments targeting the deep and complex structure of the hippocampus. This study is the next step following a proof of concept phase I study in AD patients demonstrating safe BBB opening in a limited noneloquent white matter area of the superficial dorsolateral prefrontal cortex ( FUS-mediated BBB opening in preclinical models has been found to promote amyloid-beta clearance, delivery of endogenous antibodies, activation of microglia ( In summary, we report an ongoing multicenter phase II trial demonstrating that a large volume of the BBB in the deep structure of the hippocampus and EC can be safely, reversibly, and repeatedly opened with spatial precision. The noninvasive, on-demand feature of FUS technology and focal BBB opening offers a unique opportunity for targeted delivery of therapeutics to meaningful volumes of essential brain structures in AD and other neurological conditions.",2020,True
38647399,Hybrid Membrane-Coated Nanoparticles for Precise Targeting and Synergistic Therapy in Alzheimer's Disease.,"The blood brain barrier (BBB) limits the application of most therapeutic drugs for neurological diseases (NDs). Hybrid cell membrane-coated nanoparticles derived from different cell types can mimic the surface properties and functionalities of the source cells, further enhancing their targeting precision and therapeutic efficacy. Neuroinflammation has been increasingly recognized as a critical factor in the pathogenesis of various NDs, especially Alzheimers disease (AD). In this study, a novel cell membrane coating is designed by hybridizing the membrane from platelets and chemokine (C-C motif) receptor 2 (CCR2) cells are overexpressed to cross the BBB and target neuroinflammatory lesions. Past unsuccessful endeavors in AD drug development underscore the challenge of achieving favorable outcomes when utilizing single-mechanism drugs.Two drugs with different mechanisms of actions into liposomes are successfully loaded to realize multitargeting treatment. In a transgenic mouse model for familial AD (5xFAD), the administration of these drug-loaded hybrid cell membrane liposomes results in a significant reduction in amyloid plaque deposition, neuroinflammation, and cognitive impairments. Collectively, the hybrid cell membrane-coated nanomaterials offer new opportunities for precise drug delivery and disease-specific targeting, which represent a versatile platform for targeted therapy in AD.","The blood brain barrier (BBB) limits the application of most therapeutic drugs for neurological diseases (NDs). Hybrid cell membrane-coated nanoparticles derived from different cell types can mimic the surface properties and functionalities of the source cells, further enhancing their targeting precision and therapeutic efficacy. Neuroinflammation has been increasingly recognized as a critical factor in the pathogenesis of various NDs, especially Alzheimers disease (AD). In this study, a novel cell membrane coating is designed by hybridizing the membrane from platelets and chemokine (C-C motif) receptor 2 (CCR2) cells are overexpressed to cross the BBB and target neuroinflammatory lesions. Past unsuccessful endeavors in AD drug development underscore the challenge of achieving favorable outcomes when utilizing single-mechanism drugs.Two drugs with different mechanisms of actions into liposomes are successfully loaded to realize multitargeting treatment. In a transgenic mouse model for familial AD (5xFAD), the administration of these drug-loaded hybrid cell membrane liposomes results in a significant reduction in amyloid plaque deposition, neuroinflammation, and cognitive impairments. Collectively, the hybrid cell membrane-coated nanomaterials offer new opportunities for precise drug delivery and disease-specific targeting, which represent a versatile platform for targeted therapy in AD. The blood brain barrier (BBB) is a critical component of the central nervous system (CNS) that plays a crucial role in regulating the transport of various substances, including drugs, into and out of the brain. In addition to singlecell membranecoated nanotechnology, hybrid nanoparticles derived from multiple cell types make precise targeting possible. Intriguingly, concurrent pathological changes in AD, such as the emergence of amyloid plaques, tau pathology, and neuronal degeneration frequently cooccur with neuroinflammation, forging a reinforcing interplay. Considering the multifaceted nature of AD and lessons from past unsuccessful attempts to develop drugs for AD, a combination of medications targeting different mechanisms is more advantageous than a singledrug approach. Based on the above considerations, we proposed an original strategy that uses nanotechnology ( Scheme of the preparation of drugloaded hybrid cell membrane liposomes and their application for AD therapy. Platelet membranes were obtained from retroorbital blood collected from mice, and CCR2RFP overexpressing membranes were extracted from stable CCR2RFPtransfected HEK293T cells. Two types of cell membranes were fused and loaded with rapamycin and TPPU. The drugloaded hybrid cell membrane liposomes migrated to inflammatory lesions in the CNS via intravenous injection. The drugs were released to enhance autophagy, alleviate neuroinflammation and ultimately treat AD. In this study, we innovatively designed a hybrid liposomal system enveloped in cell membrane coatings to treat AD. Our investigation was focused on two primary objectives. Initially, we elucidated the potential of this novel nanocarrier for precisely targeting inflammatory lesions within the brain through efficient BBB traversal. Subsequently, our research successfully encapsulated two separate therapeutic agents, rapamycin and TPPU, within hybrid cell membranecoated liposomes, thereby facilitating a synergistic and multitargeted therapeutic strategy against AD. The results from both in vitro and in vivo experiments have conclusively demonstrated the remarkable therapeutic potential of drugloaded hybrid cellmembrane liposomes in the treatment of AD. Our findings indicate that the hybrid cellmembranecoated liposome system has the potential to develop effective, precise and multitargeted treatments for AD. This opens the door to more effective treatment regimens and the potential for more personalized therapeutic strategies. In recent years, the development of nanomaterials has revolutionized the field of medicine, particularly in the treatment of CNS diseases. There is still a lack of therapeutic strategies for AD using platelet membranes as coatings. Theoretically, the platelet membrane has considerable advantages as a coating in the application of AD treatment. First, the platelet membrane expresses various membrane proteins. The presence of CD47 on the platelet membrane surface enables it to interact with signaling regulatory proteins on immune cells and inhibit immune cellmediated clearance of CMNPs, In addition to single cell membrane coated nanotechnology, several strategies have been employed to coat synthetic nanoparticles with cell membranes derived from different cell types, such as erythrocytes, neural stem cells, and macrophages. These hybrid nanoparticles can effectively mimic the surface properties and functionalities of source cells, enabling them to selectively interact with target cells or tissues. Advances in cell isolation techniques and engineering approaches have facilitated the development of more sophisticated cell membranecoated nanomaterials. Nevertheless, despite the substantial progress made, challenges remain. The scalability and reproducibility of cellmembrane coating methods need to be improved to meet clinical demands. The engineered extraction of extracellular vesicles (EVs) secreted from cells may provide some insights. A recent study revealed that microglial macrosomes reduce the amyloid burden and ameliorate AD, but microsomes have completely opposite effects. In addition to the nanocarrier, the encapsulated component is also important. For a long time, AD has been regarded as the most difficult fortress in the pharmaceutical research. Currently, various carrier substances have been developed for the treatment of AD. Diseasemodifying therapy for pathological protein burden has potential prospects. In conclusion, we prepared drugloaded hybrid cellmembrane liposomes to achieve precise targeting of inflammatory lesions in the brain and multidrug treatment. This original nanomedicine can improve the cognition of AD model mice, reduce amyloid plaque deposition, and alleviate neuroinflammation. Hybrid cell membranecoated nanomaterials offer new opportunities for precise drug delivery and diseasespecific targeting, which represent a versatile platform for targeted therapy in AD. With continued advancements in nanotechnology and cell biology, hybrid cell membranecoated nanoparticles hold great promise as nextgeneration therapeutic modalities for various neurological disorders.",2024,True
